Country name,Ladder score,happinessFactor,happiness,Percentile,,,,,,,
Finland,7.808700085,ExplainedByLogGDPpercapita,1.285189509,TopTwenty,,,,,,,
Denmark,7.645599842,ExplainedByLogGDPpercapita,1.326948524,TopTwenty,,,,,,,
Switzerland,7.559899807,ExplainedByLogGDPpercapita,1.39077425,TopTwenty,,,,,,,
Iceland,7.504499912,ExplainedByLogGDPpercapita,1.326501608,TopTwenty,,,,,,,
Norway,7.487999916,ExplainedByLogGDPpercapita,1.42420733,TopTwenty,,,,,,,
Netherlands,7.448900223,ExplainedByLogGDPpercapita,1.338946342,TopTwenty,,,,,,,
Sweden,7.353499889,ExplainedByLogGDPpercapita,1.322235227,TopTwenty,,,,,,,
New Zealand,7.299600124,ExplainedByLogGDPpercapita,1.242317915,TopTwenty,,,,,,,
Austria,7.294199944,ExplainedByLogGDPpercapita,1.317285538,TopTwenty,,,,,,,
Luxembourg,7.237500191,ExplainedByLogGDPpercapita,1.536676049,TopTwenty,,,,,,,
Canada,7.23210001,ExplainedByLogGDPpercapita,1.301647663,TopTwenty,,,,,,,
Australia,7.222799778,ExplainedByLogGDPpercapita,1.310396433,TopTwenty,,,,,,,
United Kingdom,7.164500237,ExplainedByLogGDPpercapita,1.273061037,TopTwenty,,,,,,,
Israel,7.128600121,ExplainedByLogGDPpercapita,1.216463685,TopTwenty,,,,,,,
Costa Rica,7.121399879,ExplainedByLogGDPpercapita,0.981107712,TopTwenty,,,,,,,
Ireland,7.093699932,ExplainedByLogGDPpercapita,1.446886778,TopTwenty,,,,,,,
Germany,7.075799942,ExplainedByLogGDPpercapita,1.314184546,TopTwenty,,,,,,,
United States,6.939599991,ExplainedByLogGDPpercapita,1.37398684,TopTwenty,,,,,,,
Czech Republic,6.910900116,ExplainedByLogGDPpercapita,1.212322354,TopTwenty,,,,,,,
Belgium,6.863500118,ExplainedByLogGDPpercapita,1.295842767,TopTwenty,,,,,,,
United Arab Emirates,6.790800095,ExplainedByLogGDPpercapita,1.431086421,TopTwenty,,,,,,,
Malta,6.772799969,ExplainedByLogGDPpercapita,1.252513289,TopTwenty,,,,,,,
France,6.663799763,ExplainedByLogGDPpercapita,1.268129349,TopTwenty,,,,,,,
Mexico,6.465000153,ExplainedByLogGDPpercapita,1.024387479,TopTwenty,,,,,,,
Taiwan Province of China,6.45539999,ExplainedByLogGDPpercapita,1.327470541,TopTwenty,,,,,,,
Uruguay,6.440100193,ExplainedByLogGDPpercapita,1.071000457,TopTwenty,,,,,,,
Saudi Arabia,6.406499863,ExplainedByLogGDPpercapita,1.334328532,TopTwenty,,,,,,,
Spain,6.400899887,ExplainedByLogGDPpercapita,1.230535269,TopTwenty,,,,,,,
Guatemala,6.398900032,ExplainedByLogGDPpercapita,0.753815711,TopTwenty,,,,,,,
Italy,6.38740015,ExplainedByLogGDPpercapita,1.236396074,TopTwenty,,,,,,,
Singapore,6.377099991,ExplainedByLogGDPpercapita,1.519580126,UpperMiddleTwenty,,,,,,,
Brazil,6.375599861,ExplainedByLogGDPpercapita,0.952679873,UpperMiddleTwenty,,,,,,,
Slovenia,6.363399982,ExplainedByLogGDPpercapita,1.208652496,UpperMiddleTwenty,,,,,,,
El Salvador,6.34829998,ExplainedByLogGDPpercapita,0.748940408,UpperMiddleTwenty,,,,,,,
Kosovo,6.325200081,ExplainedByLogGDPpercapita,0.840481341,UpperMiddleTwenty,,,,,,,
Panama,6.304800034,ExplainedByLogGDPpercapita,1.097667813,UpperMiddleTwenty,,,,,,,
Slovakia,6.280600071,ExplainedByLogGDPpercapita,1.194837689,UpperMiddleTwenty,,,,,,,
Uzbekistan,6.257599831,ExplainedByLogGDPpercapita,0.696652949,UpperMiddleTwenty,,,,,,,
Chile,6.228499889,ExplainedByLogGDPpercapita,1.096992493,UpperMiddleTwenty,,,,,,,
Bahrain,6.227300167,ExplainedByLogGDPpercapita,1.296692252,UpperMiddleTwenty,,,,,,,
Lithuania,6.215499878,ExplainedByLogGDPpercapita,1.193559647,UpperMiddleTwenty,,,,,,,
Trinidad and Tobago,6.191899776,ExplainedByLogGDPpercapita,1.167641521,UpperMiddleTwenty,,,,,,,
Poland,6.186299801,ExplainedByLogGDPpercapita,1.16922915,UpperMiddleTwenty,,,,,,,
Colombia,6.163400173,ExplainedByLogGDPpercapita,0.93220371,UpperMiddleTwenty,,,,,,,
Cyprus,6.15899992,ExplainedByLogGDPpercapita,1.21279943,UpperMiddleTwenty,,,,,,,
Nicaragua,6.13710022,ExplainedByLogGDPpercapita,0.620033145,UpperMiddleTwenty,,,,,,,
Romania,6.123700142,ExplainedByLogGDPpercapita,1.120401621,UpperMiddleTwenty,,,,,,,
Kuwait,6.102099895,ExplainedByLogGDPpercapita,1.424833655,UpperMiddleTwenty,,,,,,,
Mauritius,6.101299763,ExplainedByLogGDPpercapita,1.07366395,UpperMiddleTwenty,,,,,,,
Kazakhstan,6.057899952,ExplainedByLogGDPpercapita,1.122594237,UpperMiddleTwenty,,,,,,,
Estonia,6.021800041,ExplainedByLogGDPpercapita,1.192441225,UpperMiddleTwenty,,,,,,,
Philippines,6.006000042,ExplainedByLogGDPpercapita,0.775120676,UpperMiddleTwenty,,,,,,,
Hungary,6.000400066,ExplainedByLogGDPpercapita,1.164307117,UpperMiddleTwenty,,,,,,,
Thailand,5.998799801,ExplainedByLogGDPpercapita,1.007029295,UpperMiddleTwenty,,,,,,,
Argentina,5.974699974,ExplainedByLogGDPpercapita,1.028465629,UpperMiddleTwenty,,,,,,,
Honduras,5.953199863,ExplainedByLogGDPpercapita,0.598763585,UpperMiddleTwenty,,,,,,,
Latvia,5.949999809,ExplainedByLogGDPpercapita,1.14139545,UpperMiddleTwenty,,,,,,,
Ecuador,5.925199986,ExplainedByLogGDPpercapita,0.853383601,UpperMiddleTwenty,,,,,,,
Portugal,5.910900116,ExplainedByLogGDPpercapita,1.168800831,UpperMiddleTwenty,,,,,,,
Jamaica,5.889800072,ExplainedByLogGDPpercapita,0.779058397,UpperMiddleTwenty,,,,,,,
South Korea,5.872399807,ExplainedByLogGDPpercapita,1.245300651,MiddleTwenty,,,,,,,
Japan,5.870800018,ExplainedByLogGDPpercapita,1.26672411,MiddleTwenty,,,,,,,
Peru,5.796800137,ExplainedByLogGDPpercapita,0.91854918,MiddleTwenty,,,,,,,
Serbia,5.77820015,ExplainedByLogGDPpercapita,0.988181829,MiddleTwenty,,,,,,,
Bolivia,5.747499943,ExplainedByLogGDPpercapita,0.730976343,MiddleTwenty,,,,,,,
Pakistan,5.69329977,ExplainedByLogGDPpercapita,0.616799474,MiddleTwenty,,,,,,,
Paraguay,5.692100048,ExplainedByLogGDPpercapita,0.897990823,MiddleTwenty,,,,,,,
Dominican Republic,5.689199924,ExplainedByLogGDPpercapita,0.983191848,MiddleTwenty,,,,,,,
Bosnia and Herzegovina,5.674099922,ExplainedByLogGDPpercapita,0.91839546,MiddleTwenty,,,,,,,
Moldova,5.607500076,ExplainedByLogGDPpercapita,0.707916796,MiddleTwenty,,,,,,,
Tajikistan,5.555699825,ExplainedByLogGDPpercapita,0.474874616,MiddleTwenty,,,,,,,
Montenegro,5.54610014,ExplainedByLogGDPpercapita,1.010150075,MiddleTwenty,,,,,,,
Russia,5.546000004,ExplainedByLogGDPpercapita,1.126999617,MiddleTwenty,,,,,,,
Kyrgyzstan,5.541500092,ExplainedByLogGDPpercapita,0.513180971,MiddleTwenty,,,,,,,
Belarus,5.539899826,ExplainedByLogGDPpercapita,1.018854499,MiddleTwenty,,,,,,,
North Cyprus,5.53550005,ExplainedByLogGDPpercapita,1.21279943,MiddleTwenty,,,,,,,
Greece,5.514999866,ExplainedByLogGDPpercapita,1.128070116,MiddleTwenty,,,,,,,
Hong Kong S.A.R. of China,5.510399818,ExplainedByLogGDPpercapita,1.376746058,MiddleTwenty,,,,,,,
Croatia,5.504700184,ExplainedByLogGDPpercapita,1.109024286,MiddleTwenty,,,,,,,
Libya,5.488800049,ExplainedByLogGDPpercapita,1.021913767,MiddleTwenty,,,,,,,
Mongolia,5.456200123,ExplainedByLogGDPpercapita,0.904872775,MiddleTwenty,,,,,,,
Malaysia,5.384300232,ExplainedByLogGDPpercapita,1.168421626,MiddleTwenty,,,,,,,
Vietnam,5.353499889,ExplainedByLogGDPpercapita,0.718092382,MiddleTwenty,,,,,,,
Indonesia,5.285600185,ExplainedByLogGDPpercapita,0.891720712,MiddleTwenty,,,,,,,
Ivory Coast,5.233300209,ExplainedByLogGDPpercapita,0.537094414,MiddleTwenty,,,,,,,
Benin,5.21600008,ExplainedByLogGDPpercapita,0.366244704,MiddleTwenty,,,,,,,
Maldives,5.197599888,ExplainedByLogGDPpercapita,0.937864304,MiddleTwenty,,,,,,,
Congo (Brazzaville),5.194399834,ExplainedByLogGDPpercapita,0.633616745,MiddleTwenty,,,,,,,
Azerbaijan,5.164800167,ExplainedByLogGDPpercapita,0.990272701,MiddleTwenty,,,,,,,
Macedonia,5.159800053,ExplainedByLogGDPpercapita,0.935371995,MiddleTwenty,,,,,,,
Ghana,5.147999763,ExplainedByLogGDPpercapita,0.575862467,LowerMiddleTwenty,,,,,,,
Nepal,5.137199879,ExplainedByLogGDPpercapita,0.444050372,LowerMiddleTwenty,,,,,,,
Turkey,5.131800175,ExplainedByLogGDPpercapita,1.127169251,LowerMiddleTwenty,,,,,,,
China,5.123899937,ExplainedByLogGDPpercapita,0.990533412,LowerMiddleTwenty,,,,,,,
Turkmenistan,5.119100094,ExplainedByLogGDPpercapita,1.008963585,LowerMiddleTwenty,,,,,,,
Bulgaria,5.101500034,ExplainedByLogGDPpercapita,1.046554685,LowerMiddleTwenty,,,,,,,
Morocco,5.094799995,ExplainedByLogGDPpercapita,0.75862211,LowerMiddleTwenty,,,,,,,
Cameroon,5.084899902,ExplainedByLogGDPpercapita,0.503958046,LowerMiddleTwenty,,,,,,,
Venezuela,5.053199768,ExplainedByLogGDPpercapita,0.770238638,LowerMiddleTwenty,,,,,,,
Algeria,5.005099773,ExplainedByLogGDPpercapita,0.943856001,LowerMiddleTwenty,,,,,,,
Senegal,4.980800152,ExplainedByLogGDPpercapita,0.504061818,LowerMiddleTwenty,,,,,,,
Guinea,4.949299812,ExplainedByLogGDPpercapita,0.390007734,LowerMiddleTwenty,,,,,,,
Niger,4.909599781,ExplainedByLogGDPpercapita,0.108330332,LowerMiddleTwenty,,,,,,,
Laos,4.888599873,ExplainedByLogGDPpercapita,0.714693844,LowerMiddleTwenty,,,,,,,
Albania,4.882699966,ExplainedByLogGDPpercapita,0.906653047,LowerMiddleTwenty,,,,,,,
Cambodia,4.848400116,ExplainedByLogGDPpercapita,0.544634938,LowerMiddleTwenty,,,,,,,
Bangladesh,4.832799911,ExplainedByLogGDPpercapita,0.556156278,LowerMiddleTwenty,,,,,,,
Gabon,4.829299927,ExplainedByLogGDPpercapita,0.988044381,LowerMiddleTwenty,,,,,,,
South Africa,4.814099789,ExplainedByLogGDPpercapita,0.902140439,LowerMiddleTwenty,,,,,,,
Iraq,4.784800053,ExplainedByLogGDPpercapita,0.982018709,LowerMiddleTwenty,,,,,,,
Lebanon,4.771500111,ExplainedByLogGDPpercapita,0.889232516,LowerMiddleTwenty,,,,,,,
Burkina Faso,4.768700123,ExplainedByLogGDPpercapita,0.302467644,LowerMiddleTwenty,,,,,,,
Gambia,4.750599861,ExplainedByLogGDPpercapita,0.256990552,LowerMiddleTwenty,,,,,,,
Mali,4.729300022,ExplainedByLogGDPpercapita,0.352462649,LowerMiddleTwenty,,,,,,,
Nigeria,4.724100113,ExplainedByLogGDPpercapita,0.645901859,LowerMiddleTwenty,,,,,,,
Armenia,4.676799774,ExplainedByLogGDPpercapita,0.808262408,LowerMiddleTwenty,,,,,,,
Georgia,4.672599792,ExplainedByLogGDPpercapita,0.847198069,LowerMiddleTwenty,,,,,,,
Iran,4.672399998,ExplainedByLogGDPpercapita,1.029322505,LowerMiddleTwenty,,,,,,,
Jordan,4.633399963,ExplainedByLogGDPpercapita,0.785179198,LowerMiddleTwenty,,,,,,,
Mozambique,4.623600006,ExplainedByLogGDPpercapita,0.178741366,LowerTwenty,,,,,,,
Kenya,4.583000183,ExplainedByLogGDPpercapita,0.476413399,LowerTwenty,,,,,,,
Namibia,4.571100235,ExplainedByLogGDPpercapita,0.84008199,LowerTwenty,,,,,,,
Ukraine,4.56069994,ExplainedByLogGDPpercapita,0.780434608,LowerTwenty,,,,,,,
Liberia,4.557899952,ExplainedByLogGDPpercapita,0.174103007,LowerTwenty,,,,,,,
Palestinian Territories,4.552800179,ExplainedByLogGDPpercapita,0.587819219,LowerTwenty,,,,,,,
Uganda,4.43200016,ExplainedByLogGDPpercapita,0.312337428,LowerTwenty,,,,,,,
Chad,4.422699928,ExplainedByLogGDPpercapita,0.302287489,LowerTwenty,,,,,,,
Tunisia,4.392199993,ExplainedByLogGDPpercapita,0.874742687,LowerTwenty,,,,,,,
Mauritania,4.374599934,ExplainedByLogGDPpercapita,0.539684892,LowerTwenty,,,,,,,
Sri Lanka,4.327000141,ExplainedByLogGDPpercapita,0.897986948,LowerTwenty,,,,,,,
Congo (Kinshasa),4.31099987,ExplainedByLogGDPpercapita,0.062487468,LowerTwenty,,,,,,,
Swaziland,4.308100224,ExplainedByLogGDPpercapita,0.827539742,LowerTwenty,,,,,,,
Myanmar,4.308000088,ExplainedByLogGDPpercapita,0.67809093,LowerTwenty,,,,,,,
Comoros,4.288599968,ExplainedByLogGDPpercapita,0.415620774,LowerTwenty,,,,,,,
Togo,4.187200069,ExplainedByLogGDPpercapita,0.268116266,LowerTwenty,,,,,,,
Ethiopia,4.186200142,ExplainedByLogGDPpercapita,0.315125644,LowerTwenty,,,,,,,
Madagascar,4.165599823,ExplainedByLogGDPpercapita,0.244553208,LowerTwenty,,,,,,,
Egypt,4.151400089,ExplainedByLogGDPpercapita,0.875228941,LowerTwenty,,,,,,,
Sierra Leone,3.926399946,ExplainedByLogGDPpercapita,0.240560383,LowerTwenty,,,,,,,
Burundi,3.775300026,ExplainedByLogGDPpercapita,0,LowerTwenty,,,,,,,
Zambia,3.759399891,ExplainedByLogGDPpercapita,0.536833763,LowerTwenty,,,,,,,
Haiti,3.720799923,ExplainedByLogGDPpercapita,0.284734428,LowerTwenty,,,,,,,
Lesotho,3.652800083,ExplainedByLogGDPpercapita,0.45493874,LowerTwenty,,,,,,,
India,3.573299885,ExplainedByLogGDPpercapita,0.730576158,LowerTwenty,,,,,,,
Malawi,3.538000107,ExplainedByLogGDPpercapita,0.176534727,LowerTwenty,,,,,,,
Yemen,3.527400017,ExplainedByLogGDPpercapita,0.392701775,LowerTwenty,,,,,,,
Botswana,3.478899956,ExplainedByLogGDPpercapita,0.997548997,LowerTwenty,,,,,,,
Tanzania,3.476200104,ExplainedByLogGDPpercapita,0.457163125,LowerTwenty,,,,,,,
Central African Republic,3.475899935,ExplainedByLogGDPpercapita,0.041072082,LowerTwenty,,,,,,,
Rwanda,3.312299967,ExplainedByLogGDPpercapita,0.343242675,LowerTwenty,,,,,,,
Zimbabwe,3.299200058,ExplainedByLogGDPpercapita,0.425564021,LowerTwenty,,,,,,,
South Sudan,2.816600084,ExplainedByLogGDPpercapita,0.289082974,LowerTwenty,,,,,,,
Afghanistan,2.566900015,ExplainedByLogGDPpercapita,0.30070585,LowerTwenty,,,,,,,
Finland,7.808700085,ExplainedBySocialsupport,1.499525905,TopTwenty,,,,,,,
Denmark,7.645599842,ExplainedBySocialsupport,1.503449202,TopTwenty,,,,,,,
Switzerland,7.559899807,ExplainedBySocialsupport,1.472403407,TopTwenty,,,,,,,
Iceland,7.504499912,ExplainedBySocialsupport,1.547567487,TopTwenty,,,,,,,
Norway,7.487999916,ExplainedBySocialsupport,1.495172501,TopTwenty,,,,,,,
Netherlands,7.448900223,ExplainedBySocialsupport,1.463645935,TopTwenty,,,,,,,
Sweden,7.353499889,ExplainedBySocialsupport,1.433347702,TopTwenty,,,,,,,
New Zealand,7.299600124,ExplainedBySocialsupport,1.48721838,TopTwenty,,,,,,,
Austria,7.294199944,ExplainedBySocialsupport,1.437444925,TopTwenty,,,,,,,
Luxembourg,7.237500191,ExplainedBySocialsupport,1.387528419,TopTwenty,,,,,,,
Canada,7.23210001,ExplainedBySocialsupport,1.435391903,TopTwenty,,,,,,,
Australia,7.222799778,ExplainedBySocialsupport,1.477146268,TopTwenty,,,,,,,
United Kingdom,7.164500237,ExplainedBySocialsupport,1.457844973,TopTwenty,,,,,,,
Israel,7.128600121,ExplainedBySocialsupport,1.403256774,TopTwenty,,,,,,,
Costa Rica,7.121399879,ExplainedBySocialsupport,1.374853611,TopTwenty,,,,,,,
Ireland,7.093699932,ExplainedBySocialsupport,1.470596433,TopTwenty,,,,,,,
Germany,7.075799942,ExplainedBySocialsupport,1.368543744,TopTwenty,,,,,,,
United States,6.939599991,ExplainedBySocialsupport,1.404786706,TopTwenty,,,,,,,
Czech Republic,6.910900116,ExplainedBySocialsupport,1.40528667,TopTwenty,,,,,,,
Belgium,6.863500118,ExplainedBySocialsupport,1.398677588,TopTwenty,,,,,,,
United Arab Emirates,6.790800095,ExplainedBySocialsupport,1.251170993,TopTwenty,,,,,,,
Malta,6.772799969,ExplainedBySocialsupport,1.442956924,TopTwenty,,,,,,,
France,6.663799763,ExplainedBySocialsupport,1.458839178,TopTwenty,,,,,,,
Mexico,6.465000153,ExplainedBySocialsupport,1.226333499,TopTwenty,,,,,,,
Taiwan Province of China,6.45539999,ExplainedBySocialsupport,1.357760668,TopTwenty,,,,,,,
Uruguay,6.440100193,ExplainedBySocialsupport,1.425081134,TopTwenty,,,,,,,
Saudi Arabia,6.406499863,ExplainedBySocialsupport,1.309950113,TopTwenty,,,,,,,
Spain,6.400899887,ExplainedBySocialsupport,1.421099186,TopTwenty,,,,,,,
Guatemala,6.398900032,ExplainedBySocialsupport,1.174267054,TopTwenty,,,,,,,
Italy,6.38740015,ExplainedBySocialsupport,1.347296,TopTwenty,,,,,,,
Singapore,6.377099991,ExplainedBySocialsupport,1.39545691,UpperMiddleTwenty,,,,,,,
Brazil,6.375599861,ExplainedBySocialsupport,1.363464117,UpperMiddleTwenty,,,,,,,
Slovenia,6.363399982,ExplainedBySocialsupport,1.464677691,UpperMiddleTwenty,,,,,,,
El Salvador,6.34829998,ExplainedBySocialsupport,1.149397612,UpperMiddleTwenty,,,,,,,
Kosovo,6.325200081,ExplainedBySocialsupport,1.183962822,UpperMiddleTwenty,,,,,,,
Panama,6.304800034,ExplainedBySocialsupport,1.376149297,UpperMiddleTwenty,,,,,,,
Slovakia,6.280600071,ExplainedBySocialsupport,1.424331188,UpperMiddleTwenty,,,,,,,
Uzbekistan,6.257599831,ExplainedBySocialsupport,1.434020042,UpperMiddleTwenty,,,,,,,
Chile,6.228499889,ExplainedBySocialsupport,1.323286891,UpperMiddleTwenty,,,,,,,
Bahrain,6.227300167,ExplainedBySocialsupport,1.31532371,UpperMiddleTwenty,,,,,,,
Lithuania,6.215499878,ExplainedBySocialsupport,1.432865739,UpperMiddleTwenty,,,,,,,
Trinidad and Tobago,6.191899776,ExplainedBySocialsupport,1.407326221,UpperMiddleTwenty,,,,,,,
Poland,6.186299801,ExplainedBySocialsupport,1.310399771,UpperMiddleTwenty,,,,,,,
Colombia,6.163400173,ExplainedBySocialsupport,1.33445096,UpperMiddleTwenty,,,,,,,
Cyprus,6.15899992,ExplainedBySocialsupport,1.149170756,UpperMiddleTwenty,,,,,,,
Nicaragua,6.13710022,ExplainedBySocialsupport,1.27081275,UpperMiddleTwenty,,,,,,,
Romania,6.123700142,ExplainedBySocialsupport,1.1944381,UpperMiddleTwenty,,,,,,,
Kuwait,6.102099895,ExplainedBySocialsupport,1.244779825,UpperMiddleTwenty,,,,,,,
Mauritius,6.101299763,ExplainedBySocialsupport,1.395666838,UpperMiddleTwenty,,,,,,,
Kazakhstan,6.057899952,ExplainedBySocialsupport,1.453267694,UpperMiddleTwenty,,,,,,,
Estonia,6.021800041,ExplainedBySocialsupport,1.453232527,UpperMiddleTwenty,,,,,,,
Philippines,6.006000042,ExplainedBySocialsupport,1.245381713,UpperMiddleTwenty,,,,,,,
Hungary,6.000400066,ExplainedBySocialsupport,1.423009396,UpperMiddleTwenty,,,,,,,
Thailand,5.998799801,ExplainedBySocialsupport,1.347519517,UpperMiddleTwenty,,,,,,,
Argentina,5.974699974,ExplainedBySocialsupport,1.372543693,UpperMiddleTwenty,,,,,,,
Honduras,5.953199863,ExplainedBySocialsupport,1.186664104,UpperMiddleTwenty,,,,,,,
Latvia,5.949999809,ExplainedBySocialsupport,1.414398789,UpperMiddleTwenty,,,,,,,
Ecuador,5.925199986,ExplainedBySocialsupport,1.221027613,UpperMiddleTwenty,,,,,,,
Portugal,5.910900116,ExplainedBySocialsupport,1.339530349,UpperMiddleTwenty,,,,,,,
Jamaica,5.889800072,ExplainedBySocialsupport,1.408289194,UpperMiddleTwenty,,,,,,,
South Korea,5.872399807,ExplainedBySocialsupport,1.133560538,MiddleTwenty,,,,,,,
Japan,5.870800018,ExplainedBySocialsupport,1.332338691,MiddleTwenty,,,,,,,
Peru,5.796800137,ExplainedBySocialsupport,1.208405972,MiddleTwenty,,,,,,,
Serbia,5.77820015,ExplainedBySocialsupport,1.327448964,MiddleTwenty,,,,,,,
Bolivia,5.747499943,ExplainedBySocialsupport,1.142350554,MiddleTwenty,,,,,,,
Pakistan,5.69329977,ExplainedBySocialsupport,0.872979581,MiddleTwenty,,,,,,,
Paraguay,5.692100048,ExplainedBySocialsupport,1.36819756,MiddleTwenty,,,,,,,
Dominican Republic,5.689199924,ExplainedBySocialsupport,1.328888893,MiddleTwenty,,,,,,,
Bosnia and Herzegovina,5.674099922,ExplainedBySocialsupport,1.203986526,MiddleTwenty,,,,,,,
Moldova,5.607500076,ExplainedBySocialsupport,1.237312198,MiddleTwenty,,,,,,,
Tajikistan,5.555699825,ExplainedBySocialsupport,1.218377709,MiddleTwenty,,,,,,,
Montenegro,5.54610014,ExplainedBySocialsupport,1.265657902,MiddleTwenty,,,,,,,
Russia,5.546000004,ExplainedBySocialsupport,1.378644109,MiddleTwenty,,,,,,,
Kyrgyzstan,5.541500092,ExplainedBySocialsupport,1.341036677,MiddleTwenty,,,,,,,
Belarus,5.539899826,ExplainedBySocialsupport,1.38713932,MiddleTwenty,,,,,,,
North Cyprus,5.53550005,ExplainedBySocialsupport,1.183089137,MiddleTwenty,,,,,,,
Greece,5.514999866,ExplainedBySocialsupport,1.168973565,MiddleTwenty,,,,,,,
Hong Kong S.A.R. of China,5.510399818,ExplainedBySocialsupport,1.243584275,MiddleTwenty,,,,,,,
Croatia,5.504700184,ExplainedBySocialsupport,1.311264873,MiddleTwenty,,,,,,,
Libya,5.488800049,ExplainedBySocialsupport,1.196283698,MiddleTwenty,,,,,,,
Mongolia,5.456200123,ExplainedBySocialsupport,1.458930612,MiddleTwenty,,,,,,,
Malaysia,5.384300232,ExplainedBySocialsupport,1.17400229,MiddleTwenty,,,,,,,
Vietnam,5.353499889,ExplainedBySocialsupport,1.253074765,MiddleTwenty,,,,,,,
Indonesia,5.285600185,ExplainedBySocialsupport,1.154800892,MiddleTwenty,,,,,,,
Ivory Coast,5.233300209,ExplainedBySocialsupport,0.799727261,MiddleTwenty,,,,,,,
Benin,5.21600008,ExplainedBySocialsupport,0.352428436,MiddleTwenty,,,,,,,
Maldives,5.197599888,ExplainedBySocialsupport,1.402287602,MiddleTwenty,,,,,,,
Congo (Brazzaville),5.194399834,ExplainedBySocialsupport,0.757636011,MiddleTwenty,,,,,,,
Azerbaijan,5.164800167,ExplainedBySocialsupport,1.180613041,MiddleTwenty,,,,,,,
Macedonia,5.159800053,ExplainedBySocialsupport,1.183173537,MiddleTwenty,,,,,,,
Ghana,5.147999763,ExplainedBySocialsupport,0.96636796,LowerMiddleTwenty,,,,,,,
Nepal,5.137199879,ExplainedBySocialsupport,1.100789309,LowerMiddleTwenty,,,,,,,
Turkey,5.131800175,ExplainedBySocialsupport,1.197159171,LowerMiddleTwenty,,,,,,,
China,5.123899937,ExplainedBySocialsupport,1.132080674,LowerMiddleTwenty,,,,,,,
Turkmenistan,5.119100094,ExplainedBySocialsupport,1.510476947,LowerMiddleTwenty,,,,,,,
Bulgaria,5.101500034,ExplainedBySocialsupport,1.460578918,LowerMiddleTwenty,,,,,,,
Morocco,5.094799995,ExplainedBySocialsupport,0.645208478,LowerMiddleTwenty,,,,,,,
Cameroon,5.084899902,ExplainedBySocialsupport,0.89972645,LowerMiddleTwenty,,,,,,,
Venezuela,5.053199768,ExplainedBySocialsupport,1.348546863,LowerMiddleTwenty,,,,,,,
Algeria,5.005099773,ExplainedBySocialsupport,1.143003583,LowerMiddleTwenty,,,,,,,
Senegal,4.980800152,ExplainedBySocialsupport,0.95459342,LowerMiddleTwenty,,,,,,,
Guinea,4.949299812,ExplainedBySocialsupport,0.75136596,LowerMiddleTwenty,,,,,,,
Niger,4.909599781,ExplainedBySocialsupport,0.703800142,LowerMiddleTwenty,,,,,,,
Laos,4.888599873,ExplainedBySocialsupport,0.987391889,LowerMiddleTwenty,,,,,,,
Albania,4.882699966,ExplainedBySocialsupport,0.830483913,LowerMiddleTwenty,,,,,,,
Cambodia,4.848400116,ExplainedBySocialsupport,1.071426034,LowerMiddleTwenty,,,,,,,
Bangladesh,4.832799911,ExplainedBySocialsupport,0.868800581,LowerMiddleTwenty,,,,,,,
Gabon,4.829299927,ExplainedBySocialsupport,1.10639751,LowerMiddleTwenty,,,,,,,
South Africa,4.814099789,ExplainedBySocialsupport,1.259086251,LowerMiddleTwenty,,,,,,,
Iraq,4.784800053,ExplainedBySocialsupport,1.011466622,LowerMiddleTwenty,,,,,,,
Lebanon,4.771500111,ExplainedBySocialsupport,1.19249332,LowerMiddleTwenty,,,,,,,
Burkina Faso,4.768700123,ExplainedBySocialsupport,0.9293859,LowerMiddleTwenty,,,,,,,
Gambia,4.750599861,ExplainedBySocialsupport,0.882678688,LowerMiddleTwenty,,,,,,,
Mali,4.729300022,ExplainedBySocialsupport,0.97314173,LowerMiddleTwenty,,,,,,,
Nigeria,4.724100113,ExplainedBySocialsupport,0.986717939,LowerMiddleTwenty,,,,,,,
Armenia,4.676799774,ExplainedBySocialsupport,1.034576893,LowerMiddleTwenty,,,,,,,
Georgia,4.672599792,ExplainedBySocialsupport,0.7311939,LowerMiddleTwenty,,,,,,,
Iran,4.672399998,ExplainedBySocialsupport,0.886271179,LowerMiddleTwenty,,,,,,,
Jordan,4.633399963,ExplainedBySocialsupport,1.140118599,LowerMiddleTwenty,,,,,,,
Mozambique,4.623600006,ExplainedBySocialsupport,0.955202878,LowerTwenty,,,,,,,
Kenya,4.583000183,ExplainedBySocialsupport,0.905077755,LowerTwenty,,,,,,,
Namibia,4.571100235,ExplainedBySocialsupport,1.245738149,LowerTwenty,,,,,,,
Ukraine,4.56069994,ExplainedBySocialsupport,1.321316481,LowerTwenty,,,,,,,
Liberia,4.557899952,ExplainedBySocialsupport,0.920733929,LowerTwenty,,,,,,,
Palestinian Territories,4.552800179,ExplainedBySocialsupport,1.194755554,LowerTwenty,,,,,,,
Uganda,4.43200016,ExplainedBySocialsupport,1.052327394,LowerTwenty,,,,,,,
Chad,4.422699928,ExplainedBySocialsupport,0.739118278,LowerTwenty,,,,,,,
Tunisia,4.392199993,ExplainedBySocialsupport,0.872167706,LowerTwenty,,,,,,,
Mauritania,4.374599934,ExplainedBySocialsupport,1.113323569,LowerTwenty,,,,,,,
Sri Lanka,4.327000141,ExplainedBySocialsupport,1.19494009,LowerTwenty,,,,,,,
Congo (Kinshasa),4.31099987,ExplainedBySocialsupport,0.833055019,LowerTwenty,,,,,,,
Swaziland,4.308100224,ExplainedBySocialsupport,1.064835191,LowerTwenty,,,,,,,
Myanmar,4.308000088,ExplainedBySocialsupport,1.098178267,LowerTwenty,,,,,,,
Comoros,4.288599968,ExplainedBySocialsupport,0.723232806,LowerTwenty,,,,,,,
Togo,4.187200069,ExplainedBySocialsupport,0.547622859,LowerTwenty,,,,,,,
Ethiopia,4.186200142,ExplainedBySocialsupport,1.001103282,LowerTwenty,,,,,,,
Madagascar,4.165599823,ExplainedBySocialsupport,0.823694348,LowerTwenty,,,,,,,
Egypt,4.151400089,ExplainedBySocialsupport,0.982539535,LowerTwenty,,,,,,,
Sierra Leone,3.926399946,ExplainedBySocialsupport,0.747984946,LowerTwenty,,,,,,,
Burundi,3.775300026,ExplainedBySocialsupport,0.403575271,LowerTwenty,,,,,,,
Zambia,3.759399891,ExplainedBySocialsupport,0.896037281,LowerTwenty,,,,,,,
Haiti,3.720799923,ExplainedBySocialsupport,0.646671355,LowerTwenty,,,,,,,
Lesotho,3.652800083,ExplainedBySocialsupport,1.088940024,LowerTwenty,,,,,,,
India,3.573299885,ExplainedBySocialsupport,0.644198656,LowerTwenty,,,,,,,
Malawi,3.538000107,ExplainedBySocialsupport,0.53036809,LowerTwenty,,,,,,,
Yemen,3.527400017,ExplainedBySocialsupport,1.177477121,LowerTwenty,,,,,,,
Botswana,3.478899956,ExplainedBySocialsupport,1.08569479,LowerTwenty,,,,,,,
Tanzania,3.476200104,ExplainedBySocialsupport,0.872674644,LowerTwenty,,,,,,,
Central African Republic,3.475899935,ExplainedBySocialsupport,0,LowerTwenty,,,,,,,
Rwanda,3.312299967,ExplainedBySocialsupport,0.522876322,LowerTwenty,,,,,,,
Zimbabwe,3.299200058,ExplainedBySocialsupport,1.047835231,LowerTwenty,,,,,,,
South Sudan,2.816600084,ExplainedBySocialsupport,0.553278506,LowerTwenty,,,,,,,
Afghanistan,2.566900015,ExplainedBySocialsupport,0.356433839,LowerTwenty,,,,,,,
Finland,7.808700085,ExplainedByHealthyLifeExpectancy,0.961271405,TopTwenty,,,,,,,
Denmark,7.645599842,ExplainedByHealthyLifeExpectancy,0.979332566,TopTwenty,,,,,,,
Switzerland,7.559899807,ExplainedByHealthyLifeExpectancy,1.040533185,TopTwenty,,,,,,,
Iceland,7.504499912,ExplainedByHealthyLifeExpectancy,1.000843406,TopTwenty,,,,,,,
Norway,7.487999916,ExplainedByHealthyLifeExpectancy,1.008071899,TopTwenty,,,,,,,
Netherlands,7.448900223,ExplainedByHealthyLifeExpectancy,0.975675344,TopTwenty,,,,,,,
Sweden,7.353499889,ExplainedByHealthyLifeExpectancy,0.986470461,TopTwenty,,,,,,,
New Zealand,7.299600124,ExplainedByHealthyLifeExpectancy,1.008138299,TopTwenty,,,,,,,
Austria,7.294199944,ExplainedByHealthyLifeExpectancy,1.000933528,TopTwenty,,,,,,,
Luxembourg,7.237500191,ExplainedByHealthyLifeExpectancy,0.986442685,TopTwenty,,,,,,,
Canada,7.23210001,ExplainedByHealthyLifeExpectancy,1.022501945,TopTwenty,,,,,,,
Australia,7.222799778,ExplainedByHealthyLifeExpectancy,1.022607684,TopTwenty,,,,,,,
United Kingdom,7.164500237,ExplainedByHealthyLifeExpectancy,0.97570008,TopTwenty,,,,,,,
Israel,7.128600121,ExplainedByHealthyLifeExpectancy,1.008052945,TopTwenty,,,,,,,
Costa Rica,7.121399879,ExplainedByHealthyLifeExpectancy,0.939635336,TopTwenty,,,,,,,
Ireland,7.093699932,ExplainedByHealthyLifeExpectancy,0.975670695,TopTwenty,,,,,,,
Germany,7.075799942,ExplainedByHealthyLifeExpectancy,0.972114801,TopTwenty,,,,,,,
United States,6.939599991,ExplainedByHealthyLifeExpectancy,0.831618011,TopTwenty,,,,,,,
Czech Republic,6.910900116,ExplainedByHealthyLifeExpectancy,0.89456445,TopTwenty,,,,,,,
Belgium,6.863500118,ExplainedByHealthyLifeExpectancy,0.964901149,TopTwenty,,,,,,,
United Arab Emirates,6.790800095,ExplainedByHealthyLifeExpectancy,0.787814438,TopTwenty,,,,,,,
Malta,6.772799969,ExplainedByHealthyLifeExpectancy,0.972042024,TopTwenty,,,,,,,
France,6.663799763,ExplainedByHealthyLifeExpectancy,1.029714227,TopTwenty,,,,,,,
Mexico,6.465000153,ExplainedByHealthyLifeExpectancy,0.831601024,TopTwenty,,,,,,,
Taiwan Province of China,6.45539999,ExplainedByHealthyLifeExpectancy,0.878437996,TopTwenty,,,,,,,
Uruguay,6.440100193,ExplainedByHealthyLifeExpectancy,0.856928885,TopTwenty,,,,,,,
Saudi Arabia,6.406499863,ExplainedByHealthyLifeExpectancy,0.759818137,TopTwenty,,,,,,,
Spain,6.400899887,ExplainedByHealthyLifeExpectancy,1.051343083,TopTwenty,,,,,,,
Guatemala,6.398900032,ExplainedByHealthyLifeExpectancy,0.705952585,TopTwenty,,,,,,,
Italy,6.38740015,ExplainedByHealthyLifeExpectancy,1.022504926,TopTwenty,,,,,,,
Singapore,6.377099991,ExplainedByHealthyLifeExpectancy,1.137814283,UpperMiddleTwenty,,,,,,,
Brazil,6.375599861,ExplainedByHealthyLifeExpectancy,0.766119063,UpperMiddleTwenty,,,,,,,
Slovenia,6.363399982,ExplainedByHealthyLifeExpectancy,0.932548046,UpperMiddleTwenty,,,,,,,
El Salvador,6.34829998,ExplainedByHealthyLifeExpectancy,0.752730012,UpperMiddleTwenty,,,,,,,
Kosovo,6.325200081,ExplainedByHealthyLifeExpectancy,0.672709167,UpperMiddleTwenty,,,,,,,
Panama,6.304800034,ExplainedByHealthyLifeExpectancy,0.878546536,UpperMiddleTwenty,,,,,,,
Slovakia,6.280600071,ExplainedByHealthyLifeExpectancy,0.853465259,UpperMiddleTwenty,,,,,,,
Uzbekistan,6.257599831,ExplainedByHealthyLifeExpectancy,0.716703713,UpperMiddleTwenty,,,,,,,
Chile,6.228499889,ExplainedByHealthyLifeExpectancy,0.889260828,UpperMiddleTwenty,,,,,,,
Bahrain,6.227300167,ExplainedByHealthyLifeExpectancy,0.838836372,UpperMiddleTwenty,,,,,,,
Lithuania,6.215499878,ExplainedByHealthyLifeExpectancy,0.795421183,UpperMiddleTwenty,,,,,,,
Trinidad and Tobago,6.191899776,ExplainedByHealthyLifeExpectancy,0.658828557,UpperMiddleTwenty,,,,,,,
Poland,6.186299801,ExplainedByHealthyLifeExpectancy,0.868038476,UpperMiddleTwenty,,,,,,,
Colombia,6.163400173,ExplainedByHealthyLifeExpectancy,0.810020149,UpperMiddleTwenty,,,,,,,
Cyprus,6.15899992,ExplainedByHealthyLifeExpectancy,1.026124597,UpperMiddleTwenty,,,,,,,
Nicaragua,6.13710022,ExplainedByHealthyLifeExpectancy,0.803093255,UpperMiddleTwenty,,,,,,,
Romania,6.123700142,ExplainedByHealthyLifeExpectancy,0.79229486,UpperMiddleTwenty,,,,,,,
Kuwait,6.102099895,ExplainedByHealthyLifeExpectancy,0.776468933,UpperMiddleTwenty,,,,,,,
Mauritius,6.101299763,ExplainedByHealthyLifeExpectancy,0.763389409,UpperMiddleTwenty,,,,,,,
Kazakhstan,6.057899952,ExplainedByHealthyLifeExpectancy,0.698788941,UpperMiddleTwenty,,,,,,,
Estonia,6.021800041,ExplainedByHealthyLifeExpectancy,0.842615008,UpperMiddleTwenty,,,,,,,
Philippines,6.006000042,ExplainedByHealthyLifeExpectancy,0.602189481,UpperMiddleTwenty,,,,,,,
Hungary,6.000400066,ExplainedByHealthyLifeExpectancy,0.806793869,UpperMiddleTwenty,,,,,,,
Thailand,5.998799801,ExplainedByHealthyLifeExpectancy,0.793855846,UpperMiddleTwenty,,,,,,,
Argentina,5.974699974,ExplainedByHealthyLifeExpectancy,0.849773705,UpperMiddleTwenty,,,,,,,
Honduras,5.953199863,ExplainedByHealthyLifeExpectancy,0.791989982,UpperMiddleTwenty,,,,,,,
Latvia,5.949999809,ExplainedByHealthyLifeExpectancy,0.777902424,UpperMiddleTwenty,,,,,,,
Ecuador,5.925199986,ExplainedByHealthyLifeExpectancy,0.838837743,UpperMiddleTwenty,,,,,,,
Portugal,5.910900116,ExplainedByHealthyLifeExpectancy,0.979315281,UpperMiddleTwenty,,,,,,,
Jamaica,5.889800072,ExplainedByHealthyLifeExpectancy,0.788434088,UpperMiddleTwenty,,,,,,,
South Korea,5.872399807,ExplainedByHealthyLifeExpectancy,1.022542596,MiddleTwenty,,,,,,,
Japan,5.870800018,ExplainedByHealthyLifeExpectancy,1.072881341,MiddleTwenty,,,,,,,
Peru,5.796800137,ExplainedByHealthyLifeExpectancy,0.824444175,MiddleTwenty,,,,,,,
Serbia,5.77820015,ExplainedByHealthyLifeExpectancy,0.828403294,MiddleTwenty,,,,,,,
Bolivia,5.747499943,ExplainedByHealthyLifeExpectancy,0.662445664,MiddleTwenty,,,,,,,
Pakistan,5.69329977,ExplainedByHealthyLifeExpectancy,0.469933242,MiddleTwenty,,,,,,,
Paraguay,5.692100048,ExplainedByHealthyLifeExpectancy,0.735869646,MiddleTwenty,,,,,,,
Dominican Republic,5.689199924,ExplainedByHealthyLifeExpectancy,0.741901696,MiddleTwenty,,,,,,,
Bosnia and Herzegovina,5.674099922,ExplainedByHealthyLifeExpectancy,0.813928187,MiddleTwenty,,,,,,,
Moldova,5.607500076,ExplainedByHealthyLifeExpectancy,0.713299453,MiddleTwenty,,,,,,,
Tajikistan,5.555699825,ExplainedByHealthyLifeExpectancy,0.680594802,MiddleTwenty,,,,,,,
Montenegro,5.54610014,ExplainedByHealthyLifeExpectancy,0.839028895,MiddleTwenty,,,,,,,
Russia,5.546000004,ExplainedByHealthyLifeExpectancy,0.68044591,MiddleTwenty,,,,,,,
Kyrgyzstan,5.541500092,ExplainedByHealthyLifeExpectancy,0.680645883,MiddleTwenty,,,,,,,
Belarus,5.539899826,ExplainedByHealthyLifeExpectancy,0.75258857,MiddleTwenty,,,,,,,
North Cyprus,5.53550005,ExplainedByHealthyLifeExpectancy,1.026124597,MiddleTwenty,,,,,,,
Greece,5.514999866,ExplainedByHealthyLifeExpectancy,0.979431748,MiddleTwenty,,,,,,,
Hong Kong S.A.R. of China,5.510399818,ExplainedByHealthyLifeExpectancy,1.136630654,MiddleTwenty,,,,,,,
Croatia,5.504700184,ExplainedByHealthyLifeExpectancy,0.900575578,MiddleTwenty,,,,,,,
Libya,5.488800049,ExplainedByHealthyLifeExpectancy,0.615626633,MiddleTwenty,,,,,,,
Mongolia,5.456200123,ExplainedByHealthyLifeExpectancy,0.615788162,MiddleTwenty,,,,,,,
Malaysia,5.384300232,ExplainedByHealthyLifeExpectancy,0.788511872,MiddleTwenty,,,,,,,
Vietnam,5.353499889,ExplainedByHealthyLifeExpectancy,0.819133997,MiddleTwenty,,,,,,,
Indonesia,5.285600185,ExplainedByHealthyLifeExpectancy,0.610437036,MiddleTwenty,,,,,,,
Ivory Coast,5.233300209,ExplainedByHealthyLifeExpectancy,0.154942513,MiddleTwenty,,,,,,,
Benin,5.21600008,ExplainedByHealthyLifeExpectancy,0.328062952,MiddleTwenty,,,,,,,
Maldives,5.197599888,ExplainedByHealthyLifeExpectancy,0.914439559,MiddleTwenty,,,,,,,
Congo (Brazzaville),5.194399834,ExplainedByHealthyLifeExpectancy,0.458101124,MiddleTwenty,,,,,,,
Azerbaijan,5.164800167,ExplainedByHealthyLifeExpectancy,0.731134057,MiddleTwenty,,,,,,,
Macedonia,5.159800053,ExplainedByHealthyLifeExpectancy,0.802994132,MiddleTwenty,,,,,,,
Ghana,5.147999763,ExplainedByHealthyLifeExpectancy,0.432162255,LowerMiddleTwenty,,,,,,,
Nepal,5.137199879,ExplainedByHealthyLifeExpectancy,0.66887939,LowerMiddleTwenty,,,,,,,
Turkey,5.131800175,ExplainedByHealthyLifeExpectancy,0.781335294,LowerMiddleTwenty,,,,,,,
China,5.123899937,ExplainedByHealthyLifeExpectancy,0.867248535,LowerMiddleTwenty,,,,,,,
Turkmenistan,5.119100094,ExplainedByHealthyLifeExpectancy,0.612448037,LowerMiddleTwenty,,,,,,,
Bulgaria,5.101500034,ExplainedByHealthyLifeExpectancy,0.777776897,LowerMiddleTwenty,,,,,,,
Morocco,5.094799995,ExplainedByHealthyLifeExpectancy,0.745096922,LowerMiddleTwenty,,,,,,,
Cameroon,5.084899902,ExplainedByHealthyLifeExpectancy,0.270189553,LowerMiddleTwenty,,,,,,,
Venezuela,5.053199768,ExplainedByHealthyLifeExpectancy,0.76702553,LowerMiddleTwenty,,,,,,,
Algeria,5.005099773,ExplainedByHealthyLifeExpectancy,0.745418549,LowerMiddleTwenty,,,,,,,
Senegal,4.980800152,ExplainedByHealthyLifeExpectancy,0.518391907,LowerMiddleTwenty,,,,,,,
Guinea,4.949299812,ExplainedByHealthyLifeExpectancy,0.333655238,LowerMiddleTwenty,,,,,,,
Niger,4.909599781,ExplainedByHealthyLifeExpectancy,0.298816353,LowerMiddleTwenty,,,,,,,
Laos,4.888599873,ExplainedByHealthyLifeExpectancy,0.486378282,LowerMiddleTwenty,,,,,,,
Albania,4.882699966,ExplainedByHealthyLifeExpectancy,0.846329629,LowerMiddleTwenty,,,,,,,
Cambodia,4.848400116,ExplainedByHealthyLifeExpectancy,0.587904334,LowerMiddleTwenty,,,,,,,
Bangladesh,4.832799911,ExplainedByHealthyLifeExpectancy,0.694940507,LowerMiddleTwenty,,,,,,,
Gabon,4.829299927,ExplainedByHealthyLifeExpectancy,0.522574842,LowerMiddleTwenty,,,,,,,
South Africa,4.814099789,ExplainedByHealthyLifeExpectancy,0.407034069,LowerMiddleTwenty,,,,,,,
Iraq,4.784800053,ExplainedByHealthyLifeExpectancy,0.529350698,LowerMiddleTwenty,,,,,,,
Lebanon,4.771500111,ExplainedByHealthyLifeExpectancy,0.788671136,LowerMiddleTwenty,,,,,,,
Burkina Faso,4.768700123,ExplainedByHealthyLifeExpectancy,0.312833875,LowerMiddleTwenty,,,,,,,
Gambia,4.750599861,ExplainedByHealthyLifeExpectancy,0.353247881,LowerMiddleTwenty,,,,,,,
Mali,4.729300022,ExplainedByHealthyLifeExpectancy,0.234981522,LowerMiddleTwenty,,,,,,,
Nigeria,4.724100113,ExplainedByHealthyLifeExpectancy,0.167835936,LowerMiddleTwenty,,,,,,,
Armenia,4.676799774,ExplainedByHealthyLifeExpectancy,0.77585727,LowerMiddleTwenty,,,,,,,
Georgia,4.672599792,ExplainedByHealthyLifeExpectancy,0.694657624,LowerMiddleTwenty,,,,,,,
Iran,4.672399998,ExplainedByHealthyLifeExpectancy,0.749053836,LowerMiddleTwenty,,,,,,,
Jordan,4.633399963,ExplainedByHealthyLifeExpectancy,0.777624726,LowerMiddleTwenty,,,,,,,
Mozambique,4.623600006,ExplainedByHealthyLifeExpectancy,0.324223638,LowerTwenty,,,,,,,
Kenya,4.583000183,ExplainedByHealthyLifeExpectancy,0.536312759,LowerTwenty,,,,,,,
Namibia,4.571100235,ExplainedByHealthyLifeExpectancy,0.40687117,LowerTwenty,,,,,,,
Ukraine,4.56069994,ExplainedByHealthyLifeExpectancy,0.698674381,LowerTwenty,,,,,,,
Liberia,4.557899952,ExplainedByHealthyLifeExpectancy,0.392284274,LowerTwenty,,,,,,,
Palestinian Territories,4.552800179,ExplainedByHealthyLifeExpectancy,0.613826573,LowerTwenty,,,,,,,
Uganda,4.43200016,ExplainedByHealthyLifeExpectancy,0.378311664,LowerTwenty,,,,,,,
Chad,4.422699928,ExplainedByHealthyLifeExpectancy,0.1087441,LowerTwenty,,,,,,,
Tunisia,4.392199993,ExplainedByHealthyLifeExpectancy,0.781156719,LowerTwenty,,,,,,,
Mauritania,4.374599934,ExplainedByHealthyLifeExpectancy,0.425184816,LowerTwenty,,,,,,,
Sri Lanka,4.327000141,ExplainedByHealthyLifeExpectancy,0.792036712,LowerTwenty,,,,,,,
Congo (Kinshasa),4.31099987,ExplainedByHealthyLifeExpectancy,0.277212054,LowerTwenty,,,,,,,
Swaziland,4.308100224,ExplainedByHealthyLifeExpectancy,0.215585828,LowerTwenty,,,,,,,
Myanmar,4.308000088,ExplainedByHealthyLifeExpectancy,0.495443076,LowerTwenty,,,,,,,
Comoros,4.288599968,ExplainedByHealthyLifeExpectancy,0.437383324,LowerTwenty,,,,,,,
Togo,4.187200069,ExplainedByHealthyLifeExpectancy,0.342731178,LowerTwenty,,,,,,,
Ethiopia,4.186200142,ExplainedByHealthyLifeExpectancy,0.483846247,LowerTwenty,,,,,,,
Madagascar,4.165599823,ExplainedByHealthyLifeExpectancy,0.500617027,LowerTwenty,,,,,,,
Egypt,4.151400089,ExplainedByHealthyLifeExpectancy,0.596911311,LowerTwenty,,,,,,,
Sierra Leone,3.926399946,ExplainedByHealthyLifeExpectancy,0.203953966,LowerTwenty,,,,,,,
Burundi,3.775300026,ExplainedByHealthyLifeExpectancy,0.295212835,LowerTwenty,,,,,,,
Zambia,3.759399891,ExplainedByHealthyLifeExpectancy,0.36359334,LowerTwenty,,,,,,,
Haiti,3.720799923,ExplainedByHealthyLifeExpectancy,0.37436673,LowerTwenty,,,,,,,
Lesotho,3.652800083,ExplainedByHealthyLifeExpectancy,0.100934811,LowerTwenty,,,,,,,
India,3.573299885,ExplainedByHealthyLifeExpectancy,0.54057014,LowerTwenty,,,,,,,
Malawi,3.538000107,ExplainedByHealthyLifeExpectancy,0.446163297,LowerTwenty,,,,,,,
Yemen,3.527400017,ExplainedByHealthyLifeExpectancy,0.41500017,LowerTwenty,,,,,,,
Botswana,3.478899956,ExplainedByHealthyLifeExpectancy,0.494101733,LowerTwenty,,,,,,,
Tanzania,3.476200104,ExplainedByHealthyLifeExpectancy,0.442677855,LowerTwenty,,,,,,,
Central African Republic,3.475899935,ExplainedByHealthyLifeExpectancy,0,LowerTwenty,,,,,,,
Rwanda,3.312299967,ExplainedByHealthyLifeExpectancy,0.572383285,LowerTwenty,,,,,,,
Zimbabwe,3.299200058,ExplainedByHealthyLifeExpectancy,0.375037611,LowerTwenty,,,,,,,
South Sudan,2.816600084,ExplainedByHealthyLifeExpectancy,0.208809033,LowerTwenty,,,,,,,
Afghanistan,2.566900015,ExplainedByHealthyLifeExpectancy,0.266051531,LowerTwenty,,,,,,,
Finland,7.808700085,ExplainedByFreedomToMakeLifeChoices,0.66231674,TopTwenty,,,,,,,
Denmark,7.645599842,ExplainedByFreedomToMakeLifeChoices,0.665039897,TopTwenty,,,,,,,
Switzerland,7.559899807,ExplainedByFreedomToMakeLifeChoices,0.62895447,TopTwenty,,,,,,,
Iceland,7.504499912,ExplainedByFreedomToMakeLifeChoices,0.661980748,TopTwenty,,,,,,,
Norway,7.487999916,ExplainedByFreedomToMakeLifeChoices,0.670200884,TopTwenty,,,,,,,
Netherlands,7.448900223,ExplainedByFreedomToMakeLifeChoices,0.61362648,TopTwenty,,,,,,,
Sweden,7.353499889,ExplainedByFreedomToMakeLifeChoices,0.650297701,TopTwenty,,,,,,,
New Zealand,7.299600124,ExplainedByFreedomToMakeLifeChoices,0.646789908,TopTwenty,,,,,,,
Austria,7.294199944,ExplainedByFreedomToMakeLifeChoices,0.603368878,TopTwenty,,,,,,,
Luxembourg,7.237500191,ExplainedByFreedomToMakeLifeChoices,0.610137045,TopTwenty,,,,,,,
Canada,7.23210001,ExplainedByFreedomToMakeLifeChoices,0.644028127,TopTwenty,,,,,,,
Australia,7.222799778,ExplainedByFreedomToMakeLifeChoices,0.621877193,TopTwenty,,,,,,,
United Kingdom,7.164500237,ExplainedByFreedomToMakeLifeChoices,0.525168657,TopTwenty,,,,,,,
Israel,7.128600121,ExplainedByFreedomToMakeLifeChoices,0.420699477,TopTwenty,,,,,,,
Costa Rica,7.121399879,ExplainedByFreedomToMakeLifeChoices,0.645017743,TopTwenty,,,,,,,
Ireland,7.093699932,ExplainedByFreedomToMakeLifeChoices,0.587779939,TopTwenty,,,,,,,
Germany,7.075799942,ExplainedByFreedomToMakeLifeChoices,0.564274132,TopTwenty,,,,,,,
United States,6.939599991,ExplainedByFreedomToMakeLifeChoices,0.534608245,TopTwenty,,,,,,,
Czech Republic,6.910900116,ExplainedByFreedomToMakeLifeChoices,0.505744576,TopTwenty,,,,,,,
Belgium,6.863500118,ExplainedByFreedomToMakeLifeChoices,0.499805421,TopTwenty,,,,,,,
United Arab Emirates,6.790800095,ExplainedByFreedomToMakeLifeChoices,0.652936101,TopTwenty,,,,,,,
Malta,6.772799969,ExplainedByFreedomToMakeLifeChoices,0.633239031,TopTwenty,,,,,,,
France,6.663799763,ExplainedByFreedomToMakeLifeChoices,0.514050901,TopTwenty,,,,,,,
Mexico,6.465000153,ExplainedByFreedomToMakeLifeChoices,0.553892553,TopTwenty,,,,,,,
Taiwan Province of China,6.45539999,ExplainedByFreedomToMakeLifeChoices,0.449404389,TopTwenty,,,,,,,
Uruguay,6.440100193,ExplainedByFreedomToMakeLifeChoices,0.59426707,TopTwenty,,,,,,,
Saudi Arabia,6.406499863,ExplainedByFreedomToMakeLifeChoices,0.548477471,TopTwenty,,,,,,,
Spain,6.400899887,ExplainedByFreedomToMakeLifeChoices,0.425983816,TopTwenty,,,,,,,
Guatemala,6.398900032,ExplainedByFreedomToMakeLifeChoices,0.613146722,TopTwenty,,,,,,,
Italy,6.38740015,ExplainedByFreedomToMakeLifeChoices,0.321305573,TopTwenty,,,,,,,
Singapore,6.377099991,ExplainedByFreedomToMakeLifeChoices,0.635317206,UpperMiddleTwenty,,,,,,,
Brazil,6.375599861,ExplainedByFreedomToMakeLifeChoices,0.483292729,UpperMiddleTwenty,,,,,,,
Slovenia,6.363399982,ExplainedByFreedomToMakeLifeChoices,0.646700144,UpperMiddleTwenty,,,,,,,
El Salvador,6.34829998,ExplainedByFreedomToMakeLifeChoices,0.524043918,UpperMiddleTwenty,,,,,,,
Kosovo,6.325200081,ExplainedByFreedomToMakeLifeChoices,0.557280421,UpperMiddleTwenty,,,,,,,
Panama,6.304800034,ExplainedByFreedomToMakeLifeChoices,0.57984978,UpperMiddleTwenty,,,,,,,
Slovakia,6.280600071,ExplainedByFreedomToMakeLifeChoices,0.423542529,UpperMiddleTwenty,,,,,,,
Uzbekistan,6.257599831,ExplainedByFreedomToMakeLifeChoices,0.693270326,UpperMiddleTwenty,,,,,,,
Chile,6.228499889,ExplainedByFreedomToMakeLifeChoices,0.417482227,UpperMiddleTwenty,,,,,,,
Bahrain,6.227300167,ExplainedByFreedomToMakeLifeChoices,0.610399902,UpperMiddleTwenty,,,,,,,
Lithuania,6.215499878,ExplainedByFreedomToMakeLifeChoices,0.42046079,UpperMiddleTwenty,,,,,,,
Trinidad and Tobago,6.191899776,ExplainedByFreedomToMakeLifeChoices,0.55293113,UpperMiddleTwenty,,,,,,,
Poland,6.186299801,ExplainedByFreedomToMakeLifeChoices,0.557903528,UpperMiddleTwenty,,,,,,,
Colombia,6.163400173,ExplainedByFreedomToMakeLifeChoices,0.526890039,UpperMiddleTwenty,,,,,,,
Cyprus,6.15899992,ExplainedByFreedomToMakeLifeChoices,0.459385872,UpperMiddleTwenty,,,,,,,
Nicaragua,6.13710022,ExplainedByFreedomToMakeLifeChoices,0.560117304,UpperMiddleTwenty,,,,,,,
Romania,6.123700142,ExplainedByFreedomToMakeLifeChoices,0.534852326,UpperMiddleTwenty,,,,,,,
Kuwait,6.102099895,ExplainedByFreedomToMakeLifeChoices,0.570261419,UpperMiddleTwenty,,,,,,,
Mauritius,6.101299763,ExplainedByFreedomToMakeLifeChoices,0.590838134,UpperMiddleTwenty,,,,,,,
Kazakhstan,6.057899952,ExplainedByFreedomToMakeLifeChoices,0.497432142,UpperMiddleTwenty,,,,,,,
Estonia,6.021800041,ExplainedByFreedomToMakeLifeChoices,0.576664805,UpperMiddleTwenty,,,,,,,
Philippines,6.006000042,ExplainedByFreedomToMakeLifeChoices,0.621915162,UpperMiddleTwenty,,,,,,,
Hungary,6.000400066,ExplainedByFreedomToMakeLifeChoices,0.386401802,UpperMiddleTwenty,,,,,,,
Thailand,5.998799801,ExplainedByFreedomToMakeLifeChoices,0.609449804,UpperMiddleTwenty,,,,,,,
Argentina,5.974699974,ExplainedByFreedomToMakeLifeChoices,0.520840347,UpperMiddleTwenty,,,,,,,
Honduras,5.953199863,ExplainedByFreedomToMakeLifeChoices,0.568148077,UpperMiddleTwenty,,,,,,,
Latvia,5.949999809,ExplainedByFreedomToMakeLifeChoices,0.329198807,UpperMiddleTwenty,,,,,,,
Ecuador,5.925199986,ExplainedByFreedomToMakeLifeChoices,0.555234551,UpperMiddleTwenty,,,,,,,
Portugal,5.910900116,ExplainedByFreedomToMakeLifeChoices,0.589895189,UpperMiddleTwenty,,,,,,,
Jamaica,5.889800072,ExplainedByFreedomToMakeLifeChoices,0.553124607,UpperMiddleTwenty,,,,,,,
South Korea,5.872399807,ExplainedByFreedomToMakeLifeChoices,0.25935635,MiddleTwenty,,,,,,,
Japan,5.870800018,ExplainedByFreedomToMakeLifeChoices,0.495465875,MiddleTwenty,,,,,,,
Peru,5.796800137,ExplainedByFreedomToMakeLifeChoices,0.513210058,MiddleTwenty,,,,,,,
Serbia,5.77820015,ExplainedByFreedomToMakeLifeChoices,0.395428419,MiddleTwenty,,,,,,,
Bolivia,5.747499943,ExplainedByFreedomToMakeLifeChoices,0.5744645,MiddleTwenty,,,,,,,
Pakistan,5.69329977,ExplainedByFreedomToMakeLifeChoices,0.405421734,MiddleTwenty,,,,,,,
Paraguay,5.692100048,ExplainedByFreedomToMakeLifeChoices,0.586510062,MiddleTwenty,,,,,,,
Dominican Republic,5.689199924,ExplainedByFreedomToMakeLifeChoices,0.5628739,MiddleTwenty,,,,,,,
Bosnia and Herzegovina,5.674099922,ExplainedByFreedomToMakeLifeChoices,0.305365741,MiddleTwenty,,,,,,,
Moldova,5.607500076,ExplainedByFreedomToMakeLifeChoices,0.389571488,MiddleTwenty,,,,,,,
Tajikistan,5.555699825,ExplainedByFreedomToMakeLifeChoices,0.521141171,MiddleTwenty,,,,,,,
Montenegro,5.54610014,ExplainedByFreedomToMakeLifeChoices,0.303223848,MiddleTwenty,,,,,,,
Russia,5.546000004,ExplainedByFreedomToMakeLifeChoices,0.399499595,MiddleTwenty,,,,,,,
Kyrgyzstan,5.541500092,ExplainedByFreedomToMakeLifeChoices,0.614617765,MiddleTwenty,,,,,,,
Belarus,5.539899826,ExplainedByFreedomToMakeLifeChoices,0.290755868,MiddleTwenty,,,,,,,
North Cyprus,5.53550005,ExplainedByFreedomToMakeLifeChoices,0.477885723,MiddleTwenty,,,,,,,
Greece,5.514999866,ExplainedByFreedomToMakeLifeChoices,0.173516348,MiddleTwenty,,,,,,,
Hong Kong S.A.R. of China,5.510399818,ExplainedByFreedomToMakeLifeChoices,0.459356517,MiddleTwenty,,,,,,,
Croatia,5.504700184,ExplainedByFreedomToMakeLifeChoices,0.381456882,MiddleTwenty,,,,,,,
Libya,5.488800049,ExplainedByFreedomToMakeLifeChoices,0.451354057,MiddleTwenty,,,,,,,
Mongolia,5.456200123,ExplainedByFreedomToMakeLifeChoices,0.355703115,MiddleTwenty,,,,,,,
Malaysia,5.384300232,ExplainedByFreedomToMakeLifeChoices,0.596941531,MiddleTwenty,,,,,,,
Vietnam,5.353499889,ExplainedByFreedomToMakeLifeChoices,0.650835574,MiddleTwenty,,,,,,,
Indonesia,5.285600185,ExplainedByFreedomToMakeLifeChoices,0.568161428,MiddleTwenty,,,,,,,
Ivory Coast,5.233300209,ExplainedByFreedomToMakeLifeChoices,0.397122532,MiddleTwenty,,,,,,,
Benin,5.21600008,ExplainedByFreedomToMakeLifeChoices,0.40583989,MiddleTwenty,,,,,,,
Maldives,5.197599888,ExplainedByFreedomToMakeLifeChoices,0.548203647,MiddleTwenty,,,,,,,
Congo (Brazzaville),5.194399834,ExplainedByFreedomToMakeLifeChoices,0.386514395,MiddleTwenty,,,,,,,
Azerbaijan,5.164800167,ExplainedByFreedomToMakeLifeChoices,0.467734724,MiddleTwenty,,,,,,,
Macedonia,5.159800053,ExplainedByFreedomToMakeLifeChoices,0.410224587,MiddleTwenty,,,,,,,
Ghana,5.147999763,ExplainedByFreedomToMakeLifeChoices,0.477290064,LowerMiddleTwenty,,,,,,,
Nepal,5.137199879,ExplainedByFreedomToMakeLifeChoices,0.480608255,LowerMiddleTwenty,,,,,,,
Turkey,5.131800175,ExplainedByFreedomToMakeLifeChoices,0.25440076,LowerMiddleTwenty,,,,,,,
China,5.123899937,ExplainedByFreedomToMakeLifeChoices,0.601605117,LowerMiddleTwenty,,,,,,,
Turkmenistan,5.119100094,ExplainedByFreedomToMakeLifeChoices,0.515236676,LowerMiddleTwenty,,,,,,,
Bulgaria,5.101500034,ExplainedByFreedomToMakeLifeChoices,0.417820066,LowerMiddleTwenty,,,,,,,
Morocco,5.094799995,ExplainedByFreedomToMakeLifeChoices,0.450054139,LowerMiddleTwenty,,,,,,,
Cameroon,5.084899902,ExplainedByFreedomToMakeLifeChoices,0.439242482,LowerMiddleTwenty,,,,,,,
Venezuela,5.053199768,ExplainedByFreedomToMakeLifeChoices,0.271717221,LowerMiddleTwenty,,,,,,,
Algeria,5.005099773,ExplainedByFreedomToMakeLifeChoices,0.083943799,LowerMiddleTwenty,,,,,,,
Senegal,4.980800152,ExplainedByFreedomToMakeLifeChoices,0.352400899,LowerMiddleTwenty,,,,,,,
Guinea,4.949299812,ExplainedByFreedomToMakeLifeChoices,0.371878058,LowerMiddleTwenty,,,,,,,
Niger,4.909599781,ExplainedByFreedomToMakeLifeChoices,0.435311615,LowerMiddleTwenty,,,,,,,
Laos,4.888599873,ExplainedByFreedomToMakeLifeChoices,0.612027287,LowerMiddleTwenty,,,,,,,
Albania,4.882699966,ExplainedByFreedomToMakeLifeChoices,0.461945891,LowerMiddleTwenty,,,,,,,
Cambodia,4.848400116,ExplainedByFreedomToMakeLifeChoices,0.674940348,LowerMiddleTwenty,,,,,,,
Bangladesh,4.832799911,ExplainedByFreedomToMakeLifeChoices,0.604130566,LowerMiddleTwenty,,,,,,,
Gabon,4.829299927,ExplainedByFreedomToMakeLifeChoices,0.369459897,LowerMiddleTwenty,,,,,,,
South Africa,4.814099789,ExplainedByFreedomToMakeLifeChoices,0.43478182,LowerMiddleTwenty,,,,,,,
Iraq,4.784800053,ExplainedByFreedomToMakeLifeChoices,0.283588052,LowerMiddleTwenty,,,,,,,
Lebanon,4.771500111,ExplainedByFreedomToMakeLifeChoices,0.18551667,LowerMiddleTwenty,,,,,,,
Burkina Faso,4.768700123,ExplainedByFreedomToMakeLifeChoices,0.322398156,LowerMiddleTwenty,,,,,,,
Gambia,4.750599861,ExplainedByFreedomToMakeLifeChoices,0.403419524,LowerMiddleTwenty,,,,,,,
Mali,4.729300022,ExplainedByFreedomToMakeLifeChoices,0.377534449,LowerMiddleTwenty,,,,,,,
Nigeria,4.724100113,ExplainedByFreedomToMakeLifeChoices,0.435079455,LowerMiddleTwenty,,,,,,,
Armenia,4.676799774,ExplainedByFreedomToMakeLifeChoices,0.378075808,LowerMiddleTwenty,,,,,,,
Georgia,4.672599792,ExplainedByFreedomToMakeLifeChoices,0.485494107,LowerMiddleTwenty,,,,,,,
Iran,4.672399998,ExplainedByFreedomToMakeLifeChoices,0.301195472,LowerMiddleTwenty,,,,,,,
Jordan,4.633399963,ExplainedByFreedomToMakeLifeChoices,0.424855083,LowerMiddleTwenty,,,,,,,
Mozambique,4.623600006,ExplainedByFreedomToMakeLifeChoices,0.56077534,LowerTwenty,,,,,,,
Kenya,4.583000183,ExplainedByFreedomToMakeLifeChoices,0.519180536,LowerTwenty,,,,,,,
Namibia,4.571100235,ExplainedByFreedomToMakeLifeChoices,0.444598973,LowerTwenty,,,,,,,
Ukraine,4.56069994,ExplainedByFreedomToMakeLifeChoices,0.319423705,LowerTwenty,,,,,,,
Liberia,4.557899952,ExplainedByFreedomToMakeLifeChoices,0.405943096,LowerTwenty,,,,,,,
Palestinian Territories,4.552800179,ExplainedByFreedomToMakeLifeChoices,0.29870075,LowerTwenty,,,,,,,
Uganda,4.43200016,ExplainedByFreedomToMakeLifeChoices,0.401682556,LowerTwenty,,,,,,,
Chad,4.422699928,ExplainedByFreedomToMakeLifeChoices,0.228601769,LowerTwenty,,,,,,,
Tunisia,4.392199993,ExplainedByFreedomToMakeLifeChoices,0.235860556,LowerTwenty,,,,,,,
Mauritania,4.374599934,ExplainedByFreedomToMakeLifeChoices,0.185714483,LowerTwenty,,,,,,,
Sri Lanka,4.327000141,ExplainedByFreedomToMakeLifeChoices,0.528632462,LowerTwenty,,,,,,,
Congo (Kinshasa),4.31099987,ExplainedByFreedomToMakeLifeChoices,0.36462298,LowerTwenty,,,,,,,
Swaziland,4.308100224,ExplainedByFreedomToMakeLifeChoices,0.299935788,LowerTwenty,,,,,,,
Myanmar,4.308000088,ExplainedByFreedomToMakeLifeChoices,0.597478867,LowerTwenty,,,,,,,
Comoros,4.288599968,ExplainedByFreedomToMakeLifeChoices,0.181028232,LowerTwenty,,,,,,,
Togo,4.187200069,ExplainedByFreedomToMakeLifeChoices,0.303539038,LowerTwenty,,,,,,,
Ethiopia,4.186200142,ExplainedByFreedomToMakeLifeChoices,0.41256687,LowerTwenty,,,,,,,
Madagascar,4.165599823,ExplainedByFreedomToMakeLifeChoices,0.192967549,LowerTwenty,,,,,,,
Egypt,4.151400089,ExplainedByFreedomToMakeLifeChoices,0.373684734,LowerTwenty,,,,,,,
Sierra Leone,3.926399946,ExplainedByFreedomToMakeLifeChoices,0.382027686,LowerTwenty,,,,,,,
Burundi,3.775300026,ExplainedByFreedomToMakeLifeChoices,0.275399059,LowerTwenty,,,,,,,
Zambia,3.759399891,ExplainedByFreedomToMakeLifeChoices,0.49131754,LowerTwenty,,,,,,,
Haiti,3.720799923,ExplainedByFreedomToMakeLifeChoices,0.169297516,LowerTwenty,,,,,,,
Lesotho,3.652800083,ExplainedByFreedomToMakeLifeChoices,0.409367532,LowerTwenty,,,,,,,
India,3.573299885,ExplainedByFreedomToMakeLifeChoices,0.581142247,LowerTwenty,,,,,,,
Malawi,3.538000107,ExplainedByFreedomToMakeLifeChoices,0.487389833,LowerTwenty,,,,,,,
Yemen,3.527400017,ExplainedByFreedomToMakeLifeChoices,0.243721485,LowerTwenty,,,,,,,
Botswana,3.478899956,ExplainedByFreedomToMakeLifeChoices,0.50908941,LowerTwenty,,,,,,,
Tanzania,3.476200104,ExplainedByFreedomToMakeLifeChoices,0.509343088,LowerTwenty,,,,,,,
Central African Republic,3.475899935,ExplainedByFreedomToMakeLifeChoices,0.292814463,LowerTwenty,,,,,,,
Rwanda,3.312299967,ExplainedByFreedomToMakeLifeChoices,0.604087889,LowerTwenty,,,,,,,
Zimbabwe,3.299200058,ExplainedByFreedomToMakeLifeChoices,0.37740472,LowerTwenty,,,,,,,
South Sudan,2.816600084,ExplainedByFreedomToMakeLifeChoices,0.065609254,LowerTwenty,,,,,,,
Afghanistan,2.566900015,ExplainedByFreedomToMakeLifeChoices,0,LowerTwenty,,,,,,,
Finland,7.808700085,ExplainedByGenerosity,0.159670442,TopTwenty,,,,,,,
Denmark,7.645599842,ExplainedByGenerosity,0.242793396,TopTwenty,,,,,,,
Switzerland,7.559899807,ExplainedByGenerosity,0.269055754,TopTwenty,,,,,,,
Iceland,7.504499912,ExplainedByGenerosity,0.362330228,TopTwenty,,,,,,,
Norway,7.487999916,ExplainedByGenerosity,0.287985086,TopTwenty,,,,,,,
Netherlands,7.448900223,ExplainedByGenerosity,0.336317569,TopTwenty,,,,,,,
Sweden,7.353499889,ExplainedByGenerosity,0.272827893,TopTwenty,,,,,,,
New Zealand,7.299600124,ExplainedByGenerosity,0.325726211,TopTwenty,,,,,,,
Austria,7.294199944,ExplainedByGenerosity,0.255509764,TopTwenty,,,,,,,
Luxembourg,7.237500191,ExplainedByGenerosity,0.19595392,TopTwenty,,,,,,,
Canada,7.23210001,ExplainedByGenerosity,0.28152892,TopTwenty,,,,,,,
Australia,7.222799778,ExplainedByGenerosity,0.324973613,TopTwenty,,,,,,,
United Kingdom,7.164500237,ExplainedByGenerosity,0.373433441,TopTwenty,,,,,,,
Israel,7.128600121,ExplainedByGenerosity,0.266861796,TopTwenty,,,,,,,
Costa Rica,7.121399879,ExplainedByGenerosity,0.131266311,TopTwenty,,,,,,,
Ireland,7.093699932,ExplainedByGenerosity,0.295426995,TopTwenty,,,,,,,
Germany,7.075799942,ExplainedByGenerosity,0.252037704,TopTwenty,,,,,,,
United States,6.939599991,ExplainedByGenerosity,0.298143059,TopTwenty,,,,,,,
Czech Republic,6.910900116,ExplainedByGenerosity,0.046325929,TopTwenty,,,,,,,
Belgium,6.863500118,ExplainedByGenerosity,0.146966159,TopTwenty,,,,,,,
United Arab Emirates,6.790800095,ExplainedByGenerosity,0.28065598,TopTwenty,,,,,,,
Malta,6.772799969,ExplainedByGenerosity,0.341180831,TopTwenty,,,,,,,
France,6.663799763,ExplainedByGenerosity,0.112607703,TopTwenty,,,,,,,
Mexico,6.465000153,ExplainedByGenerosity,0.083094485,TopTwenty,,,,,,,
Taiwan Province of China,6.45539999,ExplainedByGenerosity,0.150598705,TopTwenty,,,,,,,
Uruguay,6.440100193,ExplainedByGenerosity,0.132143691,TopTwenty,,,,,,,
Saudi Arabia,6.406499863,ExplainedByGenerosity,0.087440684,TopTwenty,,,,,,,
Spain,6.400899887,ExplainedByGenerosity,0.16530548,TopTwenty,,,,,,,
Guatemala,6.398900032,ExplainedByGenerosity,0.170611665,TopTwenty,,,,,,,
Italy,6.38740015,ExplainedByGenerosity,0.170266211,TopTwenty,,,,,,,
Singapore,6.377099991,ExplainedByGenerosity,0.218770906,UpperMiddleTwenty,,,,,,,
Brazil,6.375599861,ExplainedByGenerosity,0.131674588,UpperMiddleTwenty,,,,,,,
Slovenia,6.363399982,ExplainedByGenerosity,0.145701498,UpperMiddleTwenty,,,,,,,
El Salvador,6.34829998,ExplainedByGenerosity,0.1189363,UpperMiddleTwenty,,,,,,,
Kosovo,6.325200081,ExplainedByGenerosity,0.325286865,UpperMiddleTwenty,,,,,,,
Panama,6.304800034,ExplainedByGenerosity,0.097207308,UpperMiddleTwenty,,,,,,,
Slovakia,6.280600071,ExplainedByGenerosity,0.116729774,UpperMiddleTwenty,,,,,,,
Uzbekistan,6.257599831,ExplainedByGenerosity,0.363311023,UpperMiddleTwenty,,,,,,,
Chile,6.228499889,ExplainedByGenerosity,0.155579001,UpperMiddleTwenty,,,,,,,
Bahrain,6.227300167,ExplainedByGenerosity,0.287453711,UpperMiddleTwenty,,,,,,,
Lithuania,6.215499878,ExplainedByGenerosity,0.053691041,UpperMiddleTwenty,,,,,,,
Trinidad and Tobago,6.191899776,ExplainedByGenerosity,0.199358255,UpperMiddleTwenty,,,,,,,
Poland,6.186299801,ExplainedByGenerosity,0.063374244,UpperMiddleTwenty,,,,,,,
Colombia,6.163400173,ExplainedByGenerosity,0.092374094,UpperMiddleTwenty,,,,,,,
Cyprus,6.15899992,ExplainedByGenerosity,0.227932334,UpperMiddleTwenty,,,,,,,
Nicaragua,6.13710022,ExplainedByGenerosity,0.212871477,UpperMiddleTwenty,,,,,,,
Romania,6.123700142,ExplainedByGenerosity,0.068181619,UpperMiddleTwenty,,,,,,,
Kuwait,6.102099895,ExplainedByGenerosity,0.132751092,UpperMiddleTwenty,,,,,,,
Mauritius,6.101299763,ExplainedByGenerosity,0.186894551,UpperMiddleTwenty,,,,,,,
Kazakhstan,6.057899952,ExplainedByGenerosity,0.153713793,UpperMiddleTwenty,,,,,,,
Estonia,6.021800041,ExplainedByGenerosity,0.125136748,UpperMiddleTwenty,,,,,,,
Philippines,6.006000042,ExplainedByGenerosity,0.129260212,UpperMiddleTwenty,,,,,,,
Hungary,6.000400066,ExplainedByGenerosity,0.070491239,UpperMiddleTwenty,,,,,,,
Thailand,5.998799801,ExplainedByGenerosity,0.376709014,UpperMiddleTwenty,,,,,,,
Argentina,5.974699974,ExplainedByGenerosity,0.070100471,UpperMiddleTwenty,,,,,,,
Honduras,5.953199863,ExplainedByGenerosity,0.256528199,UpperMiddleTwenty,,,,,,,
Latvia,5.949999809,ExplainedByGenerosity,0.075407945,UpperMiddleTwenty,,,,,,,
Ecuador,5.925199986,ExplainedByGenerosity,0.115006477,UpperMiddleTwenty,,,,,,,
Portugal,5.910900116,ExplainedByGenerosity,0.053036947,UpperMiddleTwenty,,,,,,,
Jamaica,5.889800072,ExplainedByGenerosity,0.116268493,UpperMiddleTwenty,,,,,,,
South Korea,5.872399807,ExplainedByGenerosity,0.170303866,MiddleTwenty,,,,,,,
Japan,5.870800018,ExplainedByGenerosity,0.03571178,MiddleTwenty,,,,,,,
Peru,5.796800137,ExplainedByGenerosity,0.091611817,MiddleTwenty,,,,,,,
Serbia,5.77820015,ExplainedByGenerosity,0.15028289,MiddleTwenty,,,,,,,
Bolivia,5.747499943,ExplainedByGenerosity,0.138375074,MiddleTwenty,,,,,,,
Pakistan,5.69329977,ExplainedByGenerosity,0.228705063,MiddleTwenty,,,,,,,
Paraguay,5.692100048,ExplainedByGenerosity,0.204299241,MiddleTwenty,,,,,,,
Dominican Republic,5.689199924,ExplainedByGenerosity,0.112196781,MiddleTwenty,,,,,,,
Bosnia and Herzegovina,5.674099922,ExplainedByGenerosity,0.264005244,MiddleTwenty,,,,,,,
Moldova,5.607500076,ExplainedByGenerosity,0.174049184,MiddleTwenty,,,,,,,
Tajikistan,5.555699825,ExplainedByGenerosity,0.182417125,MiddleTwenty,,,,,,,
Montenegro,5.54610014,ExplainedByGenerosity,0.14901033,MiddleTwenty,,,,,,,
Russia,5.546000004,ExplainedByGenerosity,0.099041916,MiddleTwenty,,,,,,,
Kyrgyzstan,5.541500092,ExplainedByGenerosity,0.30137074,MiddleTwenty,,,,,,,
Belarus,5.539899826,ExplainedByGenerosity,0.08993306,MiddleTwenty,,,,,,,
North Cyprus,5.53550005,ExplainedByGenerosity,0.199160054,MiddleTwenty,,,,,,,
Greece,5.514999866,ExplainedByGenerosity,0,MiddleTwenty,,,,,,,
Hong Kong S.A.R. of China,5.510399818,ExplainedByGenerosity,0.288280904,MiddleTwenty,,,,,,,
Croatia,5.504700184,ExplainedByGenerosity,0.113998979,MiddleTwenty,,,,,,,
Libya,5.488800049,ExplainedByGenerosity,0.142757699,MiddleTwenty,,,,,,,
Mongolia,5.456200123,ExplainedByGenerosity,0.263885736,MiddleTwenty,,,,,,,
Malaysia,5.384300232,ExplainedByGenerosity,0.274886161,MiddleTwenty,,,,,,,
Vietnam,5.353499889,ExplainedByGenerosity,0.136488721,MiddleTwenty,,,,,,,
Indonesia,5.285600185,ExplainedByGenerosity,0.542646527,MiddleTwenty,,,,,,,
Ivory Coast,5.233300209,ExplainedByGenerosity,0.169915587,MiddleTwenty,,,,,,,
Benin,5.21600008,ExplainedByGenerosity,0.196670428,MiddleTwenty,,,,,,,
Maldives,5.197599888,ExplainedByGenerosity,0.224198252,MiddleTwenty,,,,,,,
Congo (Brazzaville),5.194399834,ExplainedByGenerosity,0.117216013,MiddleTwenty,,,,,,,
Azerbaijan,5.164800167,ExplainedByGenerosity,0.040113214,MiddleTwenty,,,,,,,
Macedonia,5.159800053,ExplainedByGenerosity,0.18586354,MiddleTwenty,,,,,,,
Ghana,5.147999763,ExplainedByGenerosity,0.261291206,LowerMiddleTwenty,,,,,,,
Nepal,5.137199879,ExplainedByGenerosity,0.300971806,LowerMiddleTwenty,,,,,,,
Turkey,5.131800175,ExplainedByGenerosity,0.085885569,LowerMiddleTwenty,,,,,,,
China,5.123899937,ExplainedByGenerosity,0.079021044,LowerMiddleTwenty,,,,,,,
Turkmenistan,5.119100094,ExplainedByGenerosity,0.323129326,LowerMiddleTwenty,,,,,,,
Bulgaria,5.101500034,ExplainedByGenerosity,0.103833713,LowerMiddleTwenty,,,,,,,
Morocco,5.094799995,ExplainedByGenerosity,0.040032551,LowerMiddleTwenty,,,,,,,
Cameroon,5.084899902,ExplainedByGenerosity,0.198020101,LowerMiddleTwenty,,,,,,,
Venezuela,5.053199768,ExplainedByGenerosity,0.087179154,LowerMiddleTwenty,,,,,,,
Algeria,5.005099773,ExplainedByGenerosity,0.118915014,LowerMiddleTwenty,,,,,,,
Senegal,4.980800152,ExplainedByGenerosity,0.164397135,LowerMiddleTwenty,,,,,,,
Guinea,4.949299812,ExplainedByGenerosity,0.249490842,LowerMiddleTwenty,,,,,,,
Niger,4.909599781,ExplainedByGenerosity,0.208176896,LowerMiddleTwenty,,,,,,,
Laos,4.888599873,ExplainedByGenerosity,0.27266711,LowerMiddleTwenty,,,,,,,
Albania,4.882699966,ExplainedByGenerosity,0.171027765,LowerMiddleTwenty,,,,,,,
Cambodia,4.848400116,ExplainedByGenerosity,0.233342081,LowerMiddleTwenty,,,,,,,
Bangladesh,4.832799911,ExplainedByGenerosity,0.176745117,LowerMiddleTwenty,,,,,,,
Gabon,4.829299927,ExplainedByGenerosity,0.052013602,LowerMiddleTwenty,,,,,,,
South Africa,4.814099789,ExplainedByGenerosity,0.126406848,LowerMiddleTwenty,,,,,,,
Iraq,4.784800053,ExplainedByGenerosity,0.153002068,LowerMiddleTwenty,,,,,,,
Lebanon,4.771500111,ExplainedByGenerosity,0.158524141,LowerMiddleTwenty,,,,,,,
Burkina Faso,4.768700123,ExplainedByGenerosity,0.186390609,LowerMiddleTwenty,,,,,,,
Gambia,4.750599861,ExplainedByGenerosity,0.425989687,LowerMiddleTwenty,,,,,,,
Mali,4.729300022,ExplainedByGenerosity,0.16966705,LowerMiddleTwenty,,,,,,,
Nigeria,4.724100113,ExplainedByGenerosity,0.221328124,LowerMiddleTwenty,,,,,,,
Armenia,4.676799774,ExplainedByGenerosity,0.107225738,LowerMiddleTwenty,,,,,,,
Georgia,4.672599792,ExplainedByGenerosity,0.047609735,LowerMiddleTwenty,,,,,,,
Iran,4.672399998,ExplainedByGenerosity,0.27697894,LowerMiddleTwenty,,,,,,,
Jordan,4.633399963,ExplainedByGenerosity,0.091494769,LowerMiddleTwenty,,,,,,,
Mozambique,4.623600006,ExplainedByGenerosity,0.220422104,LowerTwenty,,,,,,,
Kenya,4.583000183,ExplainedByGenerosity,0.393902093,LowerTwenty,,,,,,,
Namibia,4.571100235,ExplainedByGenerosity,0.076454483,LowerTwenty,,,,,,,
Ukraine,4.56069994,ExplainedByGenerosity,0.178551316,LowerTwenty,,,,,,,
Liberia,4.557899952,ExplainedByGenerosity,0.226967871,LowerTwenty,,,,,,,
Palestinian Territories,4.552800179,ExplainedByGenerosity,0.091816261,LowerTwenty,,,,,,,
Uganda,4.43200016,ExplainedByGenerosity,0.264807373,LowerTwenty,,,,,,,
Chad,4.422699928,ExplainedByGenerosity,0.210805088,LowerTwenty,,,,,,,
Tunisia,4.392199993,ExplainedByGenerosity,0.055881143,LowerTwenty,,,,,,,
Mauritania,4.374599934,ExplainedByGenerosity,0.128899664,LowerTwenty,,,,,,,
Sri Lanka,4.327000141,ExplainedByGenerosity,0.252666146,LowerTwenty,,,,,,,
Congo (Kinshasa),4.31099987,ExplainedByGenerosity,0.254324883,LowerTwenty,,,,,,,
Swaziland,4.308100224,ExplainedByGenerosity,0.067264833,LowerTwenty,,,,,,,
Myanmar,4.308000088,ExplainedByGenerosity,0.569813728,LowerTwenty,,,,,,,
Comoros,4.288599968,ExplainedByGenerosity,0.258538276,LowerTwenty,,,,,,,
Togo,4.187200069,ExplainedByGenerosity,0.200774252,LowerTwenty,,,,,,,
Ethiopia,4.186200142,ExplainedByGenerosity,0.227698103,LowerTwenty,,,,,,,
Madagascar,4.165599823,ExplainedByGenerosity,0.191190064,LowerTwenty,,,,,,,
Egypt,4.151400089,ExplainedByGenerosity,0.068801254,LowerTwenty,,,,,,,
Sierra Leone,3.926399946,ExplainedByGenerosity,0.257647008,LowerTwenty,,,,,,,
Burundi,3.775300026,ExplainedByGenerosity,0.187401786,LowerTwenty,,,,,,,
Zambia,3.759399891,ExplainedByGenerosity,0.250620902,LowerTwenty,,,,,,,
Haiti,3.720799923,ExplainedByGenerosity,0.463909656,LowerTwenty,,,,,,,
Lesotho,3.652800083,ExplainedByGenerosity,0.102627642,LowerTwenty,,,,,,,
India,3.573299885,ExplainedByGenerosity,0.237072483,LowerTwenty,,,,,,,
Malawi,3.538000107,ExplainedByGenerosity,0.213185057,LowerTwenty,,,,,,,
Yemen,3.527400017,ExplainedByGenerosity,0.094689012,LowerTwenty,,,,,,,
Botswana,3.478899956,ExplainedByGenerosity,0.033407487,LowerTwenty,,,,,,,
Tanzania,3.476200104,ExplainedByGenerosity,0.27154091,LowerTwenty,,,,,,,
Central African Republic,3.475899935,ExplainedByGenerosity,0.253513217,LowerTwenty,,,,,,,
Rwanda,3.312299967,ExplainedByGenerosity,0.235704988,LowerTwenty,,,,,,,
Zimbabwe,3.299200058,ExplainedByGenerosity,0.151349187,LowerTwenty,,,,,,,
South Sudan,2.816600084,ExplainedByGenerosity,0.209934607,LowerTwenty,,,,,,,
Afghanistan,2.566900015,ExplainedByGenerosity,0.135234714,LowerTwenty,,,,,,,
Finland,7.808700085,ExplainedByPerceptionsOfCorruption,0.477857262,TopTwenty,,,,,,,
Denmark,7.645599842,ExplainedByPerceptionsOfCorruption,0.495260328,TopTwenty,,,,,,,
Switzerland,7.559899807,ExplainedByPerceptionsOfCorruption,0.407945901,TopTwenty,,,,,,,
Iceland,7.504499912,ExplainedByPerceptionsOfCorruption,0.144540772,TopTwenty,,,,,,,
Norway,7.487999916,ExplainedByPerceptionsOfCorruption,0.434100568,TopTwenty,,,,,,,
Netherlands,7.448900223,ExplainedByPerceptionsOfCorruption,0.368569762,TopTwenty,,,,,,,
Sweden,7.353499889,ExplainedByPerceptionsOfCorruption,0.442066371,TopTwenty,,,,,,,
New Zealand,7.299600124,ExplainedByPerceptionsOfCorruption,0.461268276,TopTwenty,,,,,,,
Austria,7.294199944,ExplainedByPerceptionsOfCorruption,0.281256139,TopTwenty,,,,,,,
Luxembourg,7.237500191,ExplainedByPerceptionsOfCorruption,0.367041469,TopTwenty,,,,,,,
Canada,7.23210001,ExplainedByPerceptionsOfCorruption,0.351701856,TopTwenty,,,,,,,
Australia,7.222799778,ExplainedByPerceptionsOfCorruption,0.335996419,TopTwenty,,,,,,,
United Kingdom,7.164500237,ExplainedByPerceptionsOfCorruption,0.322601646,TopTwenty,,,,,,,
Israel,7.128600121,ExplainedByPerceptionsOfCorruption,0.09989845,TopTwenty,,,,,,,
Costa Rica,7.121399879,ExplainedByPerceptionsOfCorruption,0.096362092,TopTwenty,,,,,,,
Ireland,7.093699932,ExplainedByPerceptionsOfCorruption,0.373433262,TopTwenty,,,,,,,
Germany,7.075799942,ExplainedByPerceptionsOfCorruption,0.309362292,TopTwenty,,,,,,,
United States,6.939599991,ExplainedByPerceptionsOfCorruption,0.152284741,TopTwenty,,,,,,,
Czech Republic,6.910900116,ExplainedByPerceptionsOfCorruption,0.049803223,TopTwenty,,,,,,,
Belgium,6.863500118,ExplainedByPerceptionsOfCorruption,0.208724052,TopTwenty,,,,,,,
United Arab Emirates,6.790800095,ExplainedByPerceptionsOfCorruption,0.220213518,TopTwenty,,,,,,,
Malta,6.772799969,ExplainedByPerceptionsOfCorruption,0.178864077,TopTwenty,,,,,,,
France,6.663799763,ExplainedByPerceptionsOfCorruption,0.227303237,TopTwenty,,,,,,,
Mexico,6.465000153,ExplainedByPerceptionsOfCorruption,0.083133668,TopTwenty,,,,,,,
Taiwan Province of China,6.45539999,ExplainedByPerceptionsOfCorruption,0.131516352,TopTwenty,,,,,,,
Uruguay,6.440100193,ExplainedByPerceptionsOfCorruption,0.193425074,TopTwenty,,,,,,,
Saudi Arabia,6.406499863,ExplainedByPerceptionsOfCorruption,0.163322315,TopTwenty,,,,,,,
Spain,6.400899887,ExplainedByPerceptionsOfCorruption,0.109579779,TopTwenty,,,,,,,
Guatemala,6.398900032,ExplainedByPerceptionsOfCorruption,0.0983603,TopTwenty,,,,,,,
Italy,6.38740015,ExplainedByPerceptionsOfCorruption,0.040145598,TopTwenty,,,,,,,
Singapore,6.377099991,ExplainedByPerceptionsOfCorruption,0.533162236,UpperMiddleTwenty,,,,,,,
Brazil,6.375599861,ExplainedByPerceptionsOfCorruption,0.106518604,UpperMiddleTwenty,,,,,,,
Slovenia,6.363399982,ExplainedByPerceptionsOfCorruption,0.076516323,UpperMiddleTwenty,,,,,,,
El Salvador,6.34829998,ExplainedByPerceptionsOfCorruption,0.117030352,UpperMiddleTwenty,,,,,,,
Kosovo,6.325200081,ExplainedByPerceptionsOfCorruption,0.008559024,UpperMiddleTwenty,,,,,,,
Panama,6.304800034,ExplainedByPerceptionsOfCorruption,0.054230526,UpperMiddleTwenty,,,,,,,
Slovakia,6.280600071,ExplainedByPerceptionsOfCorruption,0.011291441,UpperMiddleTwenty,,,,,,,
Uzbekistan,6.257599831,ExplainedByPerceptionsOfCorruption,0.280260265,UpperMiddleTwenty,,,,,,,
Chile,6.228499889,ExplainedByPerceptionsOfCorruption,0.06284935,UpperMiddleTwenty,,,,,,,
Bahrain,6.227300167,ExplainedByPerceptionsOfCorruption,0.126697257,UpperMiddleTwenty,,,,,,,
Lithuania,6.215499878,ExplainedByPerceptionsOfCorruption,0.081350274,UpperMiddleTwenty,,,,,,,
Trinidad and Tobago,6.191899776,ExplainedByPerceptionsOfCorruption,0.015078396,UpperMiddleTwenty,,,,,,,
Poland,6.186299801,ExplainedByPerceptionsOfCorruption,0.160541251,UpperMiddleTwenty,,,,,,,
Colombia,6.163400173,ExplainedByPerceptionsOfCorruption,0.04584837,UpperMiddleTwenty,,,,,,,
Cyprus,6.15899992,ExplainedByPerceptionsOfCorruption,0.051207144,UpperMiddleTwenty,,,,,,,
Nicaragua,6.13710022,ExplainedByPerceptionsOfCorruption,0.174084574,UpperMiddleTwenty,,,,,,,
Romania,6.123700142,ExplainedByPerceptionsOfCorruption,0.000829569,UpperMiddleTwenty,,,,,,,
Kuwait,6.102099895,ExplainedByPerceptionsOfCorruption,0.112814933,UpperMiddleTwenty,,,,,,,
Mauritius,6.101299763,ExplainedByPerceptionsOfCorruption,0.084088229,UpperMiddleTwenty,,,,,,,
Kazakhstan,6.057899952,ExplainedByPerceptionsOfCorruption,0.110463686,UpperMiddleTwenty,,,,,,,
Estonia,6.021800041,ExplainedByPerceptionsOfCorruption,0.201766819,UpperMiddleTwenty,,,,,,,
Philippines,6.006000042,ExplainedByPerceptionsOfCorruption,0.130385727,UpperMiddleTwenty,,,,,,,
Hungary,6.000400066,ExplainedByPerceptionsOfCorruption,0.027548173,UpperMiddleTwenty,,,,,,,
Thailand,5.998799801,ExplainedByPerceptionsOfCorruption,0.031837862,UpperMiddleTwenty,,,,,,,
Argentina,5.974699974,ExplainedByPerceptionsOfCorruption,0.060415059,UpperMiddleTwenty,,,,,,,
Honduras,5.953199863,ExplainedByPerceptionsOfCorruption,0.086807102,UpperMiddleTwenty,,,,,,,
Latvia,5.949999809,ExplainedByPerceptionsOfCorruption,0.090391524,UpperMiddleTwenty,,,,,,,
Ecuador,5.925199986,ExplainedByPerceptionsOfCorruption,0.086753383,UpperMiddleTwenty,,,,,,,
Portugal,5.910900116,ExplainedByPerceptionsOfCorruption,0.027733466,UpperMiddleTwenty,,,,,,,
Jamaica,5.889800072,ExplainedByPerceptionsOfCorruption,0.030147785,UpperMiddleTwenty,,,,,,,
South Korea,5.872399807,ExplainedByPerceptionsOfCorruption,0.094596282,MiddleTwenty,,,,,,,
Japan,5.870800018,ExplainedByPerceptionsOfCorruption,0.181439638,MiddleTwenty,,,,,,,
Peru,5.796800137,ExplainedByPerceptionsOfCorruption,0.02703266,MiddleTwenty,,,,,,,
Serbia,5.77820015,ExplainedByPerceptionsOfCorruption,0.059447147,MiddleTwenty,,,,,,,
Bolivia,5.747499943,ExplainedByPerceptionsOfCorruption,0.072942637,MiddleTwenty,,,,,,,
Pakistan,5.69329977,ExplainedByPerceptionsOfCorruption,0.122592121,MiddleTwenty,,,,,,,
Paraguay,5.692100048,ExplainedByPerceptionsOfCorruption,0.065077379,MiddleTwenty,,,,,,,
Dominican Republic,5.689199924,ExplainedByPerceptionsOfCorruption,0.115945682,MiddleTwenty,,,,,,,
Bosnia and Herzegovina,5.674099922,ExplainedByPerceptionsOfCorruption,0.001172487,MiddleTwenty,,,,,,,
Moldova,5.607500076,ExplainedByPerceptionsOfCorruption,0.014378744,MiddleTwenty,,,,,,,
Tajikistan,5.555699825,ExplainedByPerceptionsOfCorruption,0.221779913,MiddleTwenty,,,,,,,
Montenegro,5.54610014,ExplainedByPerceptionsOfCorruption,0.098435111,MiddleTwenty,,,,,,,
Russia,5.546000004,ExplainedByPerceptionsOfCorruption,0.045699362,MiddleTwenty,,,,,,,
Kyrgyzstan,5.541500092,ExplainedByPerceptionsOfCorruption,0.030466691,MiddleTwenty,,,,,,,
Belarus,5.539899826,ExplainedByPerceptionsOfCorruption,0.193607435,MiddleTwenty,,,,,,,
North Cyprus,5.53550005,ExplainedByPerceptionsOfCorruption,0.199802905,MiddleTwenty,,,,,,,
Greece,5.514999866,ExplainedByPerceptionsOfCorruption,0.048844352,MiddleTwenty,,,,,,,
Hong Kong S.A.R. of China,5.510399818,ExplainedByPerceptionsOfCorruption,0.332485437,MiddleTwenty,,,,,,,
Croatia,5.504700184,ExplainedByPerceptionsOfCorruption,0.012325006,MiddleTwenty,,,,,,,
Libya,5.488800049,ExplainedByPerceptionsOfCorruption,0.172258079,MiddleTwenty,,,,,,,
Mongolia,5.456200123,ExplainedByPerceptionsOfCorruption,0.046533126,MiddleTwenty,,,,,,,
Malaysia,5.384300232,ExplainedByPerceptionsOfCorruption,0.062163133,MiddleTwenty,,,,,,,
Vietnam,5.353499889,ExplainedByPerceptionsOfCorruption,0.089848459,MiddleTwenty,,,,,,,
Indonesia,5.285600185,ExplainedByPerceptionsOfCorruption,0.038278613,MiddleTwenty,,,,,,,
Ivory Coast,5.233300209,ExplainedByPerceptionsOfCorruption,0.093495794,MiddleTwenty,,,,,,,
Benin,5.21600008,ExplainedByPerceptionsOfCorruption,0.125931874,MiddleTwenty,,,,,,,
Maldives,5.197599888,ExplainedByPerceptionsOfCorruption,0.071906492,MiddleTwenty,,,,,,,
Congo (Brazzaville),5.194399834,ExplainedByPerceptionsOfCorruption,0.118670784,MiddleTwenty,,,,,,,
Azerbaijan,5.164800167,ExplainedByPerceptionsOfCorruption,0.247307181,MiddleTwenty,,,,,,,
Macedonia,5.159800053,ExplainedByPerceptionsOfCorruption,0.024595059,MiddleTwenty,,,,,,,
Ghana,5.147999763,ExplainedByPerceptionsOfCorruption,0.056570381,LowerMiddleTwenty,,,,,,,
Nepal,5.137199879,ExplainedByPerceptionsOfCorruption,0.127502963,LowerMiddleTwenty,,,,,,,
Turkey,5.131800175,ExplainedByPerceptionsOfCorruption,0.120983243,LowerMiddleTwenty,,,,,,,
China,5.123899937,ExplainedByPerceptionsOfCorruption,0.117255554,LowerMiddleTwenty,,,,,,,
Turkmenistan,5.119100094,ExplainedByPerceptionsOfCorruption,0.03350389,LowerMiddleTwenty,,,,,,,
Bulgaria,5.101500034,ExplainedByPerceptionsOfCorruption,0,LowerMiddleTwenty,,,,,,,
Morocco,5.094799995,ExplainedByPerceptionsOfCorruption,0.077385604,LowerMiddleTwenty,,,,,,,
Cameroon,5.084899902,ExplainedByPerceptionsOfCorruption,0.054393422,LowerMiddleTwenty,,,,,,,
Venezuela,5.053199768,ExplainedByPerceptionsOfCorruption,0.063624777,LowerMiddleTwenty,,,,,,,
Algeria,5.005099773,ExplainedByPerceptionsOfCorruption,0.129190654,LowerMiddleTwenty,,,,,,,
Senegal,4.980800152,ExplainedByPerceptionsOfCorruption,0.081865937,LowerMiddleTwenty,,,,,,,
Guinea,4.949299812,ExplainedByPerceptionsOfCorruption,0.112204559,LowerMiddleTwenty,,,,,,,
Niger,4.909599781,ExplainedByPerceptionsOfCorruption,0.137554765,LowerMiddleTwenty,,,,,,,
Laos,4.888599873,ExplainedByPerceptionsOfCorruption,0.194273964,LowerMiddleTwenty,,,,,,,
Albania,4.882699966,ExplainedByPerceptionsOfCorruption,0.025361285,LowerMiddleTwenty,,,,,,,
Cambodia,4.848400116,ExplainedByPerceptionsOfCorruption,0.072837502,LowerMiddleTwenty,,,,,,,
Bangladesh,4.832799911,ExplainedByPerceptionsOfCorruption,0.176735908,LowerMiddleTwenty,,,,,,,
Gabon,4.829299927,ExplainedByPerceptionsOfCorruption,0.055804539,LowerMiddleTwenty,,,,,,,
South Africa,4.814099789,ExplainedByPerceptionsOfCorruption,0.05950214,LowerMiddleTwenty,,,,,,,
Iraq,4.784800053,ExplainedByPerceptionsOfCorruption,0.073164992,LowerMiddleTwenty,,,,,,,
Lebanon,4.771500111,ExplainedByPerceptionsOfCorruption,0.021518147,LowerMiddleTwenty,,,,,,,
Burkina Faso,4.768700123,ExplainedByPerceptionsOfCorruption,0.126408055,LowerMiddleTwenty,,,,,,,
Gambia,4.750599861,ExplainedByPerceptionsOfCorruption,0.158093795,LowerMiddleTwenty,,,,,,,
Mali,4.729300022,ExplainedByPerceptionsOfCorruption,0.062146276,LowerMiddleTwenty,,,,,,,
Nigeria,4.724100113,ExplainedByPerceptionsOfCorruption,0.047589935,LowerMiddleTwenty,,,,,,,
Armenia,4.676799774,ExplainedByPerceptionsOfCorruption,0.104618184,LowerMiddleTwenty,,,,,,,
Georgia,4.672599792,ExplainedByPerceptionsOfCorruption,0.174088076,LowerMiddleTwenty,,,,,,,
Iran,4.672399998,ExplainedByPerceptionsOfCorruption,0.142651513,LowerMiddleTwenty,,,,,,,
Jordan,4.633399963,ExplainedByPerceptionsOfCorruption,0.151878625,LowerMiddleTwenty,,,,,,,
Mozambique,4.623600006,ExplainedByPerceptionsOfCorruption,0.163064316,LowerTwenty,,,,,,,
Kenya,4.583000183,ExplainedByPerceptionsOfCorruption,0.067201078,LowerTwenty,,,,,,,
Namibia,4.571100235,ExplainedByPerceptionsOfCorruption,0.054320343,LowerTwenty,,,,,,,
Ukraine,4.56069994,ExplainedByPerceptionsOfCorruption,0.00965116,LowerTwenty,,,,,,,
Liberia,4.557899952,ExplainedByPerceptionsOfCorruption,0.051139876,LowerTwenty,,,,,,,
Palestinian Territories,4.552800179,ExplainedByPerceptionsOfCorruption,0.071913652,LowerTwenty,,,,,,,
Uganda,4.43200016,ExplainedByPerceptionsOfCorruption,0.063818842,LowerTwenty,,,,,,,
Chad,4.422699928,ExplainedByPerceptionsOfCorruption,0.085755408,LowerTwenty,,,,,,,
Tunisia,4.392199993,ExplainedByPerceptionsOfCorruption,0.043899573,LowerTwenty,,,,,,,
Mauritania,4.374599934,ExplainedByPerceptionsOfCorruption,0.122257635,LowerTwenty,,,,,,,
Sri Lanka,4.327000141,ExplainedByPerceptionsOfCorruption,0.049444564,LowerTwenty,,,,,,,
Congo (Kinshasa),4.31099987,ExplainedByPerceptionsOfCorruption,0.081466645,LowerTwenty,,,,,,,
Swaziland,4.308100224,ExplainedByPerceptionsOfCorruption,0.146765873,LowerTwenty,,,,,,,
Myanmar,4.308000088,ExplainedByPerceptionsOfCorruption,0.187530354,LowerTwenty,,,,,,,
Comoros,4.288599968,ExplainedByPerceptionsOfCorruption,0.100048535,LowerTwenty,,,,,,,
Togo,4.187200069,ExplainedByPerceptionsOfCorruption,0.114826456,LowerTwenty,,,,,,,
Ethiopia,4.186200142,ExplainedByPerceptionsOfCorruption,0.117437035,LowerTwenty,,,,,,,
Madagascar,4.165599823,ExplainedByPerceptionsOfCorruption,0.076248638,LowerTwenty,,,,,,,
Egypt,4.151400089,ExplainedByPerceptionsOfCorruption,0.095461793,LowerTwenty,,,,,,,
Sierra Leone,3.926399946,ExplainedByPerceptionsOfCorruption,0.047940936,LowerTwenty,,,,,,,
Burundi,3.775300026,ExplainedByPerceptionsOfCorruption,0.212186828,LowerTwenty,,,,,,,
Zambia,3.759399891,ExplainedByPerceptionsOfCorruption,0.086705238,LowerTwenty,,,,,,,
Haiti,3.720799923,ExplainedByPerceptionsOfCorruption,0.161935672,LowerTwenty,,,,,,,
Lesotho,3.652800083,ExplainedByPerceptionsOfCorruption,0.050483823,LowerTwenty,,,,,,,
India,3.573299885,ExplainedByPerceptionsOfCorruption,0.105587982,LowerTwenty,,,,,,,
Malawi,3.538000107,ExplainedByPerceptionsOfCorruption,0.131633952,LowerTwenty,,,,,,,
Yemen,3.527400017,ExplainedByPerceptionsOfCorruption,0.087352127,LowerTwenty,,,,,,,
Botswana,3.478899956,ExplainedByPerceptionsOfCorruption,0.101786368,LowerTwenty,,,,,,,
Tanzania,3.476200104,ExplainedByPerceptionsOfCorruption,0.203880861,LowerTwenty,,,,,,,
Central African Republic,3.475899935,ExplainedByPerceptionsOfCorruption,0.028264718,LowerTwenty,,,,,,,
Rwanda,3.312299967,ExplainedByPerceptionsOfCorruption,0.485542476,LowerTwenty,,,,,,,
Zimbabwe,3.299200058,ExplainedByPerceptionsOfCorruption,0.080928579,LowerTwenty,,,,,,,
South Sudan,2.816600084,ExplainedByPerceptionsOfCorruption,0.111156799,LowerTwenty,,,,,,,
Afghanistan,2.566900015,ExplainedByPerceptionsOfCorruption,0.001225785,LowerTwenty,,,,,,,
Finland,7.808700085,Dystopia+Residual,2.762835026,TopTwenty,,,,,,,
Denmark,7.645599842,Dystopia+Residual,2.432740688,TopTwenty,,,,,,,
Switzerland,7.559899807,Dystopia+Residual,2.35026741,TopTwenty,,,,,,,
Iceland,7.504499912,Dystopia+Residual,2.460688114,TopTwenty,,,,,,,
Norway,7.487999916,Dystopia+Residual,2.168266296,TopTwenty,,,,,,,
Netherlands,7.448900223,Dystopia+Residual,2.352117062,TopTwenty,,,,,,,
Sweden,7.353499889,Dystopia+Residual,2.246299267,TopTwenty,,,,,,,
New Zealand,7.299600124,Dystopia+Residual,2.128108025,TopTwenty,,,,,,,
Austria,7.294199944,Dystopia+Residual,2.398446083,TopTwenty,,,,,,,
Luxembourg,7.237500191,Dystopia+Residual,2.153700352,TopTwenty,,,,,,,
Canada,7.23210001,Dystopia+Residual,2.195269108,TopTwenty,,,,,,,
Australia,7.222799778,Dystopia+Residual,2.129804134,TopTwenty,,,,,,,
United Kingdom,7.164500237,Dystopia+Residual,2.236721992,TopTwenty,,,,,,,
Israel,7.128600121,Dystopia+Residual,2.713358402,TopTwenty,,,,,,,
Costa Rica,7.121399879,Dystopia+Residual,2.953135014,TopTwenty,,,,,,,
Ireland,7.093699932,Dystopia+Residual,1.943878174,TopTwenty,,,,,,,
Germany,7.075799942,Dystopia+Residual,2.295249462,TopTwenty,,,,,,,
United States,6.939599991,Dystopia+Residual,2.344124794,TopTwenty,,,,,,,
Czech Republic,6.910900116,Dystopia+Residual,2.796808243,TopTwenty,,,,,,,
Belgium,6.863500118,Dystopia+Residual,2.348626614,TopTwenty,,,,,,,
United Arab Emirates,6.790800095,Dystopia+Residual,2.166965961,TopTwenty,,,,,,,
Malta,6.772799969,Dystopia+Residual,1.952012062,TopTwenty,,,,,,,
France,6.663799763,Dystopia+Residual,2.053198338,TopTwenty,,,,,,,
Mexico,6.465000153,Dystopia+Residual,2.662540197,TopTwenty,,,,,,,
Taiwan Province of China,6.45539999,Dystopia+Residual,2.160238743,TopTwenty,,,,,,,
Uruguay,6.440100193,Dystopia+Residual,2.167276382,TopTwenty,,,,,,,
Saudi Arabia,6.406499863,Dystopia+Residual,2.203118801,TopTwenty,,,,,,,
Spain,6.400899887,Dystopia+Residual,1.997088432,TopTwenty,,,,,,,
Guatemala,6.398900032,Dystopia+Residual,2.882723093,TopTwenty,,,,,,,
Italy,6.38740015,Dystopia+Residual,2.249505997,TopTwenty,,,,,,,
Singapore,6.377099991,Dystopia+Residual,0.937031746,UpperMiddleTwenty,,,,,,,
Brazil,6.375599861,Dystopia+Residual,2.571860313,UpperMiddleTwenty,,,,,,,
Slovenia,6.363399982,Dystopia+Residual,1.888586521,UpperMiddleTwenty,,,,,,,
El Salvador,6.34829998,Dystopia+Residual,2.937191725,UpperMiddleTwenty,,,,,,,
Kosovo,6.325200081,Dystopia+Residual,2.736902714,UpperMiddleTwenty,,,,,,,
Panama,6.304800034,Dystopia+Residual,2.221176147,UpperMiddleTwenty,,,,,,,
Slovakia,6.280600071,Dystopia+Residual,2.256422043,UpperMiddleTwenty,,,,,,,
Uzbekistan,6.257599831,Dystopia+Residual,2.073346615,UpperMiddleTwenty,,,,,,,
Chile,6.228499889,Dystopia+Residual,2.283012867,UpperMiddleTwenty,,,,,,,
Bahrain,6.227300167,Dystopia+Residual,1.751917362,UpperMiddleTwenty,,,,,,,
Lithuania,6.215499878,Dystopia+Residual,2.238146067,UpperMiddleTwenty,,,,,,,
Trinidad and Tobago,6.191899776,Dystopia+Residual,2.190695763,UpperMiddleTwenty,,,,,,,
Poland,6.186299801,Dystopia+Residual,2.056797981,UpperMiddleTwenty,,,,,,,
Colombia,6.163400173,Dystopia+Residual,2.421656609,UpperMiddleTwenty,,,,,,,
Cyprus,6.15899992,Dystopia+Residual,2.032334805,UpperMiddleTwenty,,,,,,,
Nicaragua,6.13710022,Dystopia+Residual,2.496081114,UpperMiddleTwenty,,,,,,,
Romania,6.123700142,Dystopia+Residual,2.412749767,UpperMiddleTwenty,,,,,,,
Kuwait,6.102099895,Dystopia+Residual,1.840167999,UpperMiddleTwenty,,,,,,,
Mauritius,6.101299763,Dystopia+Residual,2.006720543,UpperMiddleTwenty,,,,,,,
Kazakhstan,6.057899952,Dystopia+Residual,2.021602631,UpperMiddleTwenty,,,,,,,
Estonia,6.021800041,Dystopia+Residual,1.629928112,UpperMiddleTwenty,,,,,,,
Philippines,6.006000042,Dystopia+Residual,2.501741886,UpperMiddleTwenty,,,,,,,
Hungary,6.000400066,Dystopia+Residual,2.121845722,UpperMiddleTwenty,,,,,,,
Thailand,5.998799801,Dystopia+Residual,1.832384109,UpperMiddleTwenty,,,,,,,
Argentina,5.974699974,Dystopia+Residual,2.072540998,UpperMiddleTwenty,,,,,,,
Honduras,5.953199863,Dystopia+Residual,2.464295387,UpperMiddleTwenty,,,,,,,
Latvia,5.949999809,Dystopia+Residual,2.121283054,UpperMiddleTwenty,,,,,,,
Ecuador,5.925199986,Dystopia+Residual,2.254933834,UpperMiddleTwenty,,,,,,,
Portugal,5.910900116,Dystopia+Residual,1.752558708,UpperMiddleTwenty,,,,,,,
Jamaica,5.889800072,Dystopia+Residual,2.214436531,UpperMiddleTwenty,,,,,,,
South Korea,5.872399807,Dystopia+Residual,1.946757078,MiddleTwenty,,,,,,,
Japan,5.870800018,Dystopia+Residual,1.486200333,MiddleTwenty,,,,,,,
Peru,5.796800137,Dystopia+Residual,2.213499546,MiddleTwenty,,,,,,,
Serbia,5.77820015,Dystopia+Residual,2.029040098,MiddleTwenty,,,,,,,
Bolivia,5.747499943,Dystopia+Residual,2.425928593,MiddleTwenty,,,,,,,
Pakistan,5.69329977,Dystopia+Residual,2.976876736,MiddleTwenty,,,,,,,
Paraguay,5.692100048,Dystopia+Residual,1.83412528,MiddleTwenty,,,,,,,
Dominican Republic,5.689199924,Dystopia+Residual,1.844246864,MiddleTwenty,,,,,,,
Bosnia and Herzegovina,5.674099922,Dystopia+Residual,2.16724205,MiddleTwenty,,,,,,,
Moldova,5.607500076,Dystopia+Residual,2.370968342,MiddleTwenty,,,,,,,
Tajikistan,5.555699825,Dystopia+Residual,2.25650835,MiddleTwenty,,,,,,,
Montenegro,5.54610014,Dystopia+Residual,1.880565882,MiddleTwenty,,,,,,,
Russia,5.546000004,Dystopia+Residual,1.815716743,MiddleTwenty,,,,,,,
Kyrgyzstan,5.541500092,Dystopia+Residual,2.060206652,MiddleTwenty,,,,,,,
Belarus,5.539899826,Dystopia+Residual,1.8069911,MiddleTwenty,,,,,,,
North Cyprus,5.53550005,Dystopia+Residual,1.23668766,MiddleTwenty,,,,,,,
Greece,5.514999866,Dystopia+Residual,2.016179085,MiddleTwenty,,,,,,,
Hong Kong S.A.R. of China,5.510399818,Dystopia+Residual,0.673293114,MiddleTwenty,,,,,,,
Croatia,5.504700184,Dystopia+Residual,1.676029205,MiddleTwenty,,,,,,,
Libya,5.488800049,Dystopia+Residual,1.888563156,MiddleTwenty,,,,,,,
Mongolia,5.456200123,Dystopia+Residual,1.810527563,MiddleTwenty,,,,,,,
Malaysia,5.384300232,Dystopia+Residual,1.319420815,MiddleTwenty,,,,,,,
Vietnam,5.353499889,Dystopia+Residual,1.685977936,MiddleTwenty,,,,,,,
Indonesia,5.285600185,Dystopia+Residual,1.479573488,MiddleTwenty,,,,,,,
Ivory Coast,5.233300209,Dystopia+Residual,3.081022501,MiddleTwenty,,,,,,,
Benin,5.21600008,Dystopia+Residual,3.440809727,MiddleTwenty,,,,,,,
Maldives,5.197599888,Dystopia+Residual,1.098674774,MiddleTwenty,,,,,,,
Congo (Brazzaville),5.194399834,Dystopia+Residual,2.722619534,MiddleTwenty,,,,,,,
Azerbaijan,5.164800167,Dystopia+Residual,1.507632971,MiddleTwenty,,,,,,,
Macedonia,5.159800053,Dystopia+Residual,1.617594957,MiddleTwenty,,,,,,,
Ghana,5.147999763,Dystopia+Residual,2.378437281,LowerMiddleTwenty,,,,,,,
Nepal,5.137199879,Dystopia+Residual,2.014386892,LowerMiddleTwenty,,,,,,,
Turkey,5.131800175,Dystopia+Residual,1.564816713,LowerMiddleTwenty,,,,,,,
China,5.123899937,Dystopia+Residual,1.336181879,LowerMiddleTwenty,,,,,,,
Turkmenistan,5.119100094,Dystopia+Residual,1.115337372,LowerMiddleTwenty,,,,,,,
Bulgaria,5.101500034,Dystopia+Residual,1.294961452,LowerMiddleTwenty,,,,,,,
Morocco,5.094799995,Dystopia+Residual,2.378402472,LowerMiddleTwenty,,,,,,,
Cameroon,5.084899902,Dystopia+Residual,2.719370842,LowerMiddleTwenty,,,,,,,
Venezuela,5.053199768,Dystopia+Residual,1.74484086,LowerMiddleTwenty,,,,,,,
Algeria,5.005099773,Dystopia+Residual,1.840811729,LowerMiddleTwenty,,,,,,,
Senegal,4.980800152,Dystopia+Residual,2.405123949,LowerMiddleTwenty,,,,,,,
Guinea,4.949299812,Dystopia+Residual,2.740729809,LowerMiddleTwenty,,,,,,,
Niger,4.909599781,Dystopia+Residual,3.017630577,LowerMiddleTwenty,,,,,,,
Laos,4.888599873,Dystopia+Residual,1.621152639,LowerMiddleTwenty,,,,,,,
Albania,4.882699966,Dystopia+Residual,1.640897036,LowerMiddleTwenty,,,,,,,
Cambodia,4.848400116,Dystopia+Residual,1.663300037,LowerMiddleTwenty,,,,,,,
Bangladesh,4.832799911,Dystopia+Residual,1.755261898,LowerMiddleTwenty,,,,,,,
Gabon,4.829299927,Dystopia+Residual,1.735027552,LowerMiddleTwenty,,,,,,,
South Africa,4.814099789,Dystopia+Residual,1.625117302,LowerMiddleTwenty,,,,,,,
Iraq,4.784800053,Dystopia+Residual,1.752173662,LowerMiddleTwenty,,,,,,,
Lebanon,4.771500111,Dystopia+Residual,1.53554225,LowerMiddleTwenty,,,,,,,
Burkina Faso,4.768700123,Dystopia+Residual,2.588826418,LowerMiddleTwenty,,,,,,,
Gambia,4.750599861,Dystopia+Residual,2.270216465,LowerMiddleTwenty,,,,,,,
Mali,4.729300022,Dystopia+Residual,2.559335232,LowerMiddleTwenty,,,,,,,
Nigeria,4.724100113,Dystopia+Residual,2.219635487,LowerMiddleTwenty,,,,,,,
Armenia,4.676799774,Dystopia+Residual,1.468161583,LowerMiddleTwenty,,,,,,,
Georgia,4.672599792,Dystopia+Residual,1.69239831,LowerMiddleTwenty,,,,,,,
Iran,4.672399998,Dystopia+Residual,1.286969423,LowerMiddleTwenty,,,,,,,
Jordan,4.633399963,Dystopia+Residual,1.262258053,LowerMiddleTwenty,,,,,,,
Mozambique,4.623600006,Dystopia+Residual,2.221216202,LowerTwenty,,,,,,,
Kenya,4.583000183,Dystopia+Residual,1.684904575,LowerTwenty,,,,,,,
Namibia,4.571100235,Dystopia+Residual,1.503033161,LowerTwenty,,,,,,,
Ukraine,4.56069994,Dystopia+Residual,1.252669334,LowerTwenty,,,,,,,
Liberia,4.557899952,Dystopia+Residual,2.386757851,LowerTwenty,,,,,,,
Palestinian Territories,4.552800179,Dystopia+Residual,1.693985701,LowerTwenty,,,,,,,
Uganda,4.43200016,Dystopia+Residual,1.958671093,LowerTwenty,,,,,,,
Chad,4.422699928,Dystopia+Residual,2.74742651,LowerTwenty,,,,,,,
Tunisia,4.392199993,Dystopia+Residual,1.528496742,LowerTwenty,,,,,,,
Mauritania,4.374599934,Dystopia+Residual,1.85955739,LowerTwenty,,,,,,,
Sri Lanka,4.327000141,Dystopia+Residual,0.611288548,LowerTwenty,,,,,,,
Congo (Kinshasa),4.31099987,Dystopia+Residual,2.437864304,LowerTwenty,,,,,,,
Swaziland,4.308100224,Dystopia+Residual,1.686207294,LowerTwenty,,,,,,,
Myanmar,4.308000088,Dystopia+Residual,0.681462526,LowerTwenty,,,,,,,
Comoros,4.288599968,Dystopia+Residual,2.17276907,LowerTwenty,,,,,,,
Togo,4.187200069,Dystopia+Residual,2.409595251,LowerTwenty,,,,,,,
Ethiopia,4.186200142,Dystopia+Residual,1.628459215,LowerTwenty,,,,,,,
Madagascar,4.165599823,Dystopia+Residual,2.136298418,LowerTwenty,,,,,,,
Egypt,4.151400089,Dystopia+Residual,1.158818245,LowerTwenty,,,,,,,
Sierra Leone,3.926399946,Dystopia+Residual,2.046271801,LowerTwenty,,,,,,,
Burundi,3.775300026,Dystopia+Residual,2.401507378,LowerTwenty,,,,,,,
Zambia,3.759399891,Dystopia+Residual,1.134339333,LowerTwenty,,,,,,,
Haiti,3.720799923,Dystopia+Residual,1.619916916,LowerTwenty,,,,,,,
Lesotho,3.652800083,Dystopia+Residual,1.445513964,LowerTwenty,,,,,,,
India,3.573299885,Dystopia+Residual,0.734130859,LowerTwenty,,,,,,,
Malawi,3.538000107,Dystopia+Residual,1.552718282,LowerTwenty,,,,,,,
Yemen,3.527400017,Dystopia+Residual,1.116472721,LowerTwenty,,,,,,,
Botswana,3.478899956,Dystopia+Residual,0.257240534,LowerTwenty,,,,,,,
Tanzania,3.476200104,Dystopia+Residual,0.718963385,LowerTwenty,,,,,,,
Central African Republic,3.475899935,Dystopia+Residual,2.860197544,LowerTwenty,,,,,,,
Rwanda,3.312299967,Dystopia+Residual,0.548444986,LowerTwenty,,,,,,,
Zimbabwe,3.299200058,Dystopia+Residual,0.841031075,LowerTwenty,,,,,,,
South Sudan,2.816600084,Dystopia+Residual,1.378751278,LowerTwenty,,,,,,,
Afghanistan,2.566900015,Dystopia+Residual,1.507235646,LowerTwenty,,,,,,,
